Date,Open,High,Low,Close,Volume,Index
5-May-06,48.62,50.1,48.62,50.1,39900,1018
8-May-06,49.65,49.8,49.13,49.13,15500,1017
9-May-06,49.2,49.2,48.62,48.71,6400,1016
10-May-06,49.23,49.3,48.91,49.04,12800,1015
11-May-06,48.62,48.68,47.67,47.67,12900,1014
12-May-06,47.22,47.22,46.83,46.98,3100,1013
15-May-06,47.07,47.07,45.76,45.76,8700,1012
16-May-06,46.24,46.24,45.82,45.82,1400,1011
17-May-06,45.26,45.26,44.61,44.61,2500,1010
18-May-06,45.4,46.09,44.99,44.99,76200,1009
19-May-06,44.36,44.64,44.36,44.64,300,1008
22-May-06,44,44,43.74,43.74,1100,1007
23-May-06,44.96,44.96,43.62,43.62,44800,1006
24-May-06,44.81,44.81,44.81,44.81,100,1005
25-May-06,44.36,44.36,44.22,44.23,1000,1004
26-May-06,44.51,44.51,44.5,44.5,300,1003
30-May-06,43.77,43.77,43.48,43.48,32500,1002
31-May-06,43.11,43.11,42.73,42.74,12800,1001
1-Jun-06,42.52,43.38,42.52,43.38,900,1000
2-Jun-06,43.83,43.83,42.86,42.86,11500,999
5-Jun-06,42.01,42.01,40.84,40.85,24200,998
6-Jun-06,40.31,40.31,38.8,39.39,35100,997
7-Jun-06,39.41,39.95,39.2,39.2,18700,996
8-Jun-06,38.33,39.07,38,39.06,39300,995
9-Jun-06,39.49,39.56,39.4,39.49,5700,994
12-Jun-06,38.63,38.63,38.08,38.08,4800,993
13-Jun-06,37.9,38.35,37.31,37.55,25900,992
14-Jun-06,37.73,37.93,37.53,37.53,14300,991
15-Jun-06,37.78,39.66,37.78,39.59,11500,990
16-Jun-06,39.47,39.47,39,39.08,6100,989
19-Jun-06,39.3,39.3,38.19,38.19,5600,988
20-Jun-06,38.41,38.41,37.72,37.72,5600,987
21-Jun-06,38.3,39.02,38.3,39.02,4800,986
22-Jun-06,38.66,38.77,38.25,38.6,4000,985
23-Jun-06,38.48,39.22,38.48,38.89,8100,984
26-Jun-06,38.96,40.17,38.96,39.63,46500,983
27-Jun-06,38.74,38.98,38.61,38.61,2100,982
28-Jun-06,38.14,38.6,38.14,38.6,1700,981
29-Jun-06,38.62,39.78,38.2,39.78,37300,980
30-Jun-06,39.81,39.81,39.37,39.37,4700,979
3-Jul-06,39.3,39.38,38.89,39.27,9100,978
5-Jul-06,38.79,38.79,38.4,38.64,35600,977
6-Jul-06,38.63,39.06,38.62,38.63,18500,976
7-Jul-06,38.65,39.32,38.42,38.43,18800,975
10-Jul-06,38.39,38.65,38.06,38.18,60700,974
11-Jul-06,37.73,37.73,37.23,37.53,20500,973
12-Jul-06,37.55,37.62,36.52,36.62,25000,972
13-Jul-06,36.19,36.67,35.83,35.83,20800,971
14-Jul-06,34.62,34.65,34.02,34.5,48400,970
17-Jul-06,34.44,34.49,33.94,33.94,25800,969
18-Jul-06,34.25,34.25,32.73,33.17,39800,968
19-Jul-06,33.67,34.89,33.67,34.89,99900,967
20-Jul-06,34.96,34.96,33.36,33.41,40300,966
21-Jul-06,33.04,33.63,32.5,33.42,108200,965
24-Jul-06,33.67,34.62,33.67,34.62,40200,964
25-Jul-06,34.38,35.75,34.3,35.12,53500,963
26-Jul-06,35,35.23,34.35,35.13,250000,962
27-Jul-06,35.26,35.44,34.08,34.21,14800,961
28-Jul-06,34.89,35.51,34.75,35.29,25300,960
31-Jul-06,34.77,35.13,34.73,35.04,8300,959
1-Aug-06,34.41,35.1,34.25,34.99,17300,958
2-Aug-06,35.18,35.61,34.9,35.27,23100,957
3-Aug-06,34.95,37.05,34.95,36.83,39900,956
4-Aug-06,37.79,38.33,36.44,36.75,24300,955
7-Aug-06,36.73,37.65,36.73,37.15,75100,954
8-Aug-06,37.3,37.3,35.64,35.64,148500,953
9-Aug-06,34.75,34.88,34.07,34.1,119900,952
10-Aug-06,33.87,34.45,33.87,34.21,200700,951
11-Aug-06,33.79,33.87,33.42,33.43,248700,950
14-Aug-06,33.6,33.72,32.96,33,22200,949
15-Aug-06,33.66,34.07,33.31,34.06,26100,948
16-Aug-06,34.51,35.69,34.38,35.6,24800,947
17-Aug-06,35.64,36.47,35.64,35.9,53700,946
18-Aug-06,35.48,35.93,35.24,35.91,5600,945
21-Aug-06,35.41,35.41,34.77,34.97,5300,944
22-Aug-06,35.2,35.44,34.93,35.16,134000,943
23-Aug-06,34.87,34.87,34,34.14,55400,942
24-Aug-06,34.05,34.65,33.91,34.57,294500,941
25-Aug-06,34.22,34.85,34.22,34.76,5500,940
28-Aug-06,35.23,35.53,34.85,35.36,34100,939
29-Aug-06,34.88,35.47,34.5,35.47,252000,938
30-Aug-06,35.27,35.41,34.95,35.32,129000,937
31-Aug-06,35.22,35.99,35.22,35.8,49900,936
1-Sep-06,35.94,36.05,35.34,35.83,179100,935
5-Sep-06,35.65,35.72,35.31,35.36,106300,934
6-Sep-06,35.05,35.24,34.04,34.11,154400,933
7-Sep-06,33.39,35.13,33.15,34.5,338100,932
8-Sep-06,34.25,34.64,34.12,34.64,350000,931
11-Sep-06,34.4,35.72,34,35.21,975900,930
12-Sep-06,35.37,37.4,35.1,37.28,210100,929
13-Sep-06,37.4,37.4,36.89,37.1,244400,928
14-Sep-06,36.64,37.13,36.33,37.1,126300,927
15-Sep-06,37.52,38.75,37.51,38,118100,926
18-Sep-06,38.1,38.76,37.72,38.17,150600,925
19-Sep-06,38.25,38.25,36.83,37.53,211000,924
20-Sep-06,37.8,37.8,37.17,37.23,146400,923
21-Sep-06,37.22,37.65,36.28,36.49,26600,922
22-Sep-06,36.05,37.46,36.05,37.12,525200,921
25-Sep-06,37.15,38.46,37,38.46,111100,920
26-Sep-06,38.02,39.54,38.02,38.92,737300,919
27-Sep-06,38.69,39.45,37.69,38.01,671000,918
28-Sep-06,38.18,38.38,37.26,37.86,357200,917
29-Sep-06,37.99,38.14,37,37,112600,916
2-Oct-06,36.64,37.72,36.5,37.28,138900,915
3-Oct-06,37.1,37.25,36.63,37,45100,914
4-Oct-06,36.62,38.15,36.6,37.79,180900,913
5-Oct-06,37.7,37.83,37.05,37.74,138300,912
6-Oct-06,37.25,37.53,37.13,37.53,107800,911
9-Oct-06,37.32,38.68,37.14,38.43,91500,910
10-Oct-06,39.36,39.9,39.36,39.46,237600,909
11-Oct-06,39.34,39.66,38.64,39.04,99500,908
12-Oct-06,39.52,40.07,39.45,40.07,526000,907
13-Oct-06,39.24,39.45,38.73,38.78,33700,906
16-Oct-06,39.02,39.49,38.9,39.09,215600,905
17-Oct-06,38.77,38.98,38.3,38.38,520400,904
18-Oct-06,39.12,39.21,38.03,38.16,720500,903
19-Oct-06,38.43,38.9,37.92,38.52,33800,902
20-Oct-06,38.29,38.32,38,38.23,13000,901
23-Oct-06,38.19,38.19,37.47,37.73,161400,900
24-Oct-06,37.73,38.35,37.73,38.34,23200,899
25-Oct-06,38.09,39.57,38.08,39.37,148000,898
26-Oct-06,37.47,40.24,37.47,40.14,43900,897
27-Oct-06,39.64,40.06,39.08,39.19,67000,896
30-Oct-06,39,39.68,39,39.25,28600,895
31-Oct-06,39.36,39.36,38.62,38.89,28900,894
1-Nov-06,39.17,39.33,38.18,38.32,65400,893
2-Nov-06,38.14,38.53,37.93,38.09,43700,892
3-Nov-06,38.18,38.28,37.22,37.56,176900,891
6-Nov-06,37.64,37.85,37.45,37.62,28700,890
7-Nov-06,37.44,37.48,36.63,36.68,152600,889
8-Nov-06,36.36,36.88,36,36.59,176000,888
9-Nov-06,36.48,36.48,35.85,35.89,636700,887
10-Nov-06,36.06,37.23,36.06,37.23,32700,886
13-Nov-06,37.25,37.65,36.88,37.08,136900,885
14-Nov-06,37.95,39.4,37.6,39.2,1330600,884
15-Nov-06,39.38,40.13,39.19,39.5,867300,883
16-Nov-06,40,40.69,39.62,40.05,415600,882
17-Nov-06,39.62,40.12,39.3,40.01,43200,881
20-Nov-06,40.05,40.1,39.43,39.53,265600,880
21-Nov-06,39.74,40.13,39.57,40.06,83700,879
22-Nov-06,40.63,40.85,40.3,40.76,238400,878
24-Nov-06,40.33,40.96,40.33,40.58,81500,877
27-Nov-06,40.58,40.69,39.54,39.64,130800,876
28-Nov-06,39.58,40.09,39.15,39.54,72100,875
29-Nov-06,39.6,40.25,39.42,39.87,94900,874
30-Nov-06,40.52,42.48,40.42,42.01,586200,873
1-Dec-06,42.01,42.73,41.57,42.23,174700,872
4-Dec-06,42.2,42.26,41.78,42.17,118400,871
5-Dec-06,42.58,43.49,42.54,43.35,93900,870
6-Dec-06,43.77,44.33,43.55,44,222200,869
7-Dec-06,43.77,44,42.8,43.05,307800,868
8-Dec-06,43.15,43.35,42.01,42.2,153300,867
11-Dec-06,42.33,42.86,42.15,42.54,73700,866
12-Dec-06,42.54,42.58,41.89,42.05,56000,865
13-Dec-06,42.68,42.99,42.21,42.27,84300,864
14-Dec-06,42.3,42.8,42.3,42.39,50000,863
15-Dec-06,43.03,43.06,42.24,42.4,198200,862
18-Dec-06,42.49,42.57,41.95,42,132400,861
19-Dec-06,41.4,41.77,41.12,41.49,171300,860
20-Dec-06,41.83,41.98,41.49,41.59,125900,859
21-Dec-06,41.63,41.66,41.12,41.39,25800,858
22-Dec-06,41.3,41.37,40.97,41.12,51500,857
26-Dec-06,41.25,41.6,41.21,41.58,26300,856
27-Dec-06,42.04,42.42,41.9,42.42,47000,855
28-Dec-06,42.45,42.87,42.11,42.42,146300,854
29-Dec-06,42.42,42.68,42.37,42.37,41400,853
3-Jan-07,42.2,42.2,40.75,41.18,190800,852
4-Jan-07,40.97,41.07,40.48,40.79,64000,851
5-Jan-07,40.62,40.72,40.29,40.38,128000,850
8-Jan-07,40.16,40.21,39.22,39.54,356800,849
9-Jan-07,39.6,39.76,39.35,39.61,288700,848
10-Jan-07,39.56,39.71,39.39,39.63,123100,847
11-Jan-07,39.64,40.41,39.64,40.18,122000,846
12-Jan-07,40.29,40.58,40.19,40.44,29300,845
16-Jan-07,40.85,40.96,40.12,40.29,162300,844
17-Jan-07,40.72,41.18,40.72,40.98,251400,843
18-Jan-07,41.2,41.37,40.83,41,145500,842
19-Jan-07,40.87,41.66,40.87,41.58,122200,841
22-Jan-07,41.51,41.65,41.11,41.3,54400,840
23-Jan-07,41.66,42.75,41.46,41.96,398500,839
24-Jan-07,41.9,42.68,41.58,42.46,251300,838
25-Jan-07,42.44,42.47,40.91,41.03,158400,837
26-Jan-07,41.16,41.17,40.36,40.57,197700,836
29-Jan-07,40.49,41.02,40.49,40.71,30000,835
30-Jan-07,40.98,40.99,40.68,40.73,22400,834
31-Jan-07,41.23,42.78,41.23,42.66,130200,833
1-Feb-07,43.02,43.57,42.92,43.05,301700,832
2-Feb-07,43.6,44.71,43.57,44.46,284700,831
5-Feb-07,44.06,44.29,43.57,43.81,87600,830
6-Feb-07,43.84,44.05,43.41,43.82,140200,829
7-Feb-07,43.74,44.16,43.5,43.71,79100,828
8-Feb-07,43.27,43.27,42.37,42.58,198100,827
9-Feb-07,42.6,42.63,41.48,41.64,96300,826
12-Feb-07,41.71,41.71,41.14,41.3,112200,825
13-Feb-07,41.7,41.96,41.47,41.72,93600,824
14-Feb-07,41.78,42.47,41.72,42.17,154300,823
15-Feb-07,42.32,42.7,42.25,42.47,24600,822
16-Feb-07,42.27,42.41,41.64,42.41,94900,821
20-Feb-07,42.44,42.63,42.3,42.44,21100,820
21-Feb-07,41.88,42.23,41.88,42.08,137000,819
22-Feb-07,42.12,42.34,41.15,41.42,165500,818
23-Feb-07,41.31,41.37,40.44,40.61,94300,817
26-Feb-07,40.7,40.94,40.45,40.82,108400,816
27-Feb-07,39.79,40.3,38.92,39.47,246000,815
28-Feb-07,39.29,39.3,38.64,38.85,188200,814
1-Mar-07,37.85,39.35,37.61,39.02,224200,813
2-Mar-07,38.64,38.97,38.12,38.12,52500,812
5-Mar-07,37.29,37.6,36.25,36.34,287200,811
6-Mar-07,37.1,37.46,36.75,37.09,72000,810
7-Mar-07,37.49,37.64,37.07,37.2,157200,809
8-Mar-07,37.55,37.95,37.55,37.69,69600,808
9-Mar-07,37.87,37.93,37.02,37.41,122700,807
12-Mar-07,37.22,37.27,36.06,36.2,228000,806
13-Mar-07,36.1,36.1,34.53,34.82,160400,805
14-Mar-07,35.26,36.14,34.75,35.91,100100,804
15-Mar-07,36.22,36.78,36.15,36.43,70100,803
16-Mar-07,36.56,36.83,36.07,36.21,141100,802
19-Mar-07,36.5,36.88,36.28,36.41,62000,801
20-Mar-07,36.73,36.73,35.92,36.25,54600,800
21-Mar-07,36.35,37.66,36.24,37.57,170700,799
22-Mar-07,37.7,38.06,36.94,37.07,54200,798
23-Mar-07,36.76,37.63,36.7,36.82,63600,797
26-Mar-07,36.92,36.92,35.88,36.07,37500,796
27-Mar-07,35.69,35.69,35.03,35.49,68400,795
28-Mar-07,34.85,34.85,34.33,34.5,127000,794
29-Mar-07,34.88,34.92,34.28,34.49,41300,793
30-Mar-07,34.52,34.82,34.13,34.15,36700,792
2-Apr-07,34.4,34.4,33.66,33.75,384900,791
3-Apr-07,34.02,34.67,33.75,34.36,479400,790
4-Apr-07,34.45,34.45,33.98,34.02,239200,789
5-Apr-07,34.1,34.67,34,34.51,60200,788
9-Apr-07,34.6,34.61,34.26,34.59,40200,787
10-Apr-07,34.43,34.51,34.27,34.44,90300,786
11-Apr-07,34.25,34.36,33.76,33.99,131000,785
12-Apr-07,33.85,34.82,33.54,34.82,67000,784
13-Apr-07,34.81,34.81,34.3,34.47,68100,783
16-Apr-07,34.72,35.1,34.72,35.07,358300,782
17-Apr-07,35.48,35.91,35.45,35.57,52200,781
18-Apr-07,35.32,36.55,34.89,36.34,762200,780
19-Apr-07,36.03,36.74,35.98,36.08,67900,779
20-Apr-07,36.5,37.16,36.5,37.06,175900,778
23-Apr-07,37.12,37.12,36.32,36.51,54700,777
24-Apr-07,36.45,36.61,35.74,36.53,79100,776
25-Apr-07,36.65,36.83,36.13,36.54,190500,775
26-Apr-07,36.62,38.21,36.62,38.08,162500,774
27-Apr-07,37.56,37.65,37.06,37.07,45400,773
30-Apr-07,37.08,37.23,36.14,36.15,116800,772
1-May-07,36.22,36.76,35.7,36.51,41600,771
2-May-07,36.55,37.07,36.51,36.81,253000,770
3-May-07,36.97,37.33,36.8,37.03,118800,769
4-May-07,36.98,36.98,36.24,36.26,40600,768
7-May-07,36.5,36.62,36,36.11,26900,767
8-May-07,35.95,36.37,35.44,36.36,48900,766
9-May-07,36.29,36.72,35.88,36.48,52500,765
10-May-07,36.25,36.25,35.51,35.62,57600,764
11-May-07,36.13,36.24,35.65,35.76,33600,763
14-May-07,35.78,35.84,35.44,35.59,337400,762
15-May-07,35.57,35.71,35.14,35.26,650400,761
16-May-07,35.69,35.69,35.05,35.62,252400,760
17-May-07,35.62,36.37,35.51,36.3,28800,759
18-May-07,36.35,36.35,36,36.15,112500,758
21-May-07,36.25,37.04,36.25,36.7,687200,757
22-May-07,36.73,38.01,36.73,37.95,77800,756
23-May-07,38.35,38.73,37.67,37.7,178600,755
24-May-07,37.83,38.94,37.44,37.54,673300,754
25-May-07,37.96,38,36.89,37.33,122500,753
29-May-07,37.52,37.65,37.07,37.37,181000,752
30-May-07,37.15,37.6,37.06,37.45,111900,751
31-May-07,37.69,37.69,37.02,37.24,191400,750
1-Jun-07,37.3,37.46,36.7,36.7,86700,749
4-Jun-07,36.94,37.31,36.51,37.29,489400,748
5-Jun-07,37.2,37.26,36.57,36.68,569000,747
6-Jun-07,36.26,36.29,35.85,35.85,88800,746
7-Jun-07,35.45,35.58,34.41,34.41,315300,745
8-Jun-07,34.41,35.32,34.2,35.32,190500,744
11-Jun-07,34.85,34.98,34.49,34.75,73200,743
12-Jun-07,34.67,34.67,33.79,33.82,85100,742
13-Jun-07,34.16,34.16,33.61,34.11,310900,741
14-Jun-07,34.22,34.39,34.1,34.19,95200,740
15-Jun-07,34.69,34.8,34.28,34.28,94000,739
18-Jun-07,34.25,34.37,33.86,33.9,69800,738
19-Jun-07,33.97,34.04,33.57,33.96,88000,737
20-Jun-07,34.07,34.09,33.37,33.38,108200,736
21-Jun-07,33.32,33.45,32.85,33.45,186800,735
22-Jun-07,33.19,33.2,32.71,32.93,97900,734
25-Jun-07,32.9,32.93,32.2,32.34,282200,733
26-Jun-07,32.21,32.45,31.6,31.6,882000,732
27-Jun-07,31.5,32.41,31.33,32.41,684300,731
28-Jun-07,32.06,32.06,31.65,31.75,592700,730
29-Jun-07,31.82,31.93,31.15,31.31,169500,729
2-Jul-07,31.28,31.37,30.98,31.25,476500,728
3-Jul-07,31.4,31.58,30.88,30.92,518700,727
5-Jul-07,31.01,31.05,30.67,30.83,103600,726
6-Jul-07,30.77,31.87,30.66,31.73,194800,725
9-Jul-07,31.57,31.66,31.06,31.06,151300,724
10-Jul-07,30.84,30.84,30.05,30.08,345600,723
11-Jul-07,30,30.29,29.75,30.18,292100,722
12-Jul-07,30.35,30.62,30.05,30.61,331000,721
13-Jul-07,30.59,31.9,30.59,31.8,221000,720
16-Jul-07,31.68,33,31.13,31.36,416200,719
17-Jul-07,31.25,31.46,31.05,31.05,77500,718
18-Jul-07,30.79,31.18,30.44,31,164100,717
19-Jul-07,31.25,31.54,31.19,31.2,487100,716
20-Jul-07,31.05,31.05,29.97,30.46,771600,715
23-Jul-07,30.45,30.63,29.39,29.44,1195400,714
24-Jul-07,28.74,29.08,28.07,28.24,371600,713
25-Jul-07,28.44,28.82,27.78,28.12,395600,712
26-Jul-07,27.49,27.53,26.66,27.25,503900,711
27-Jul-07,27.35,27.79,26.89,27.07,362100,710
30-Jul-07,27.15,27.28,26.62,27.13,171600,709
31-Jul-07,27.55,27.64,26.56,26.56,490600,708
1-Aug-07,26.39,26.75,24.05,26.07,955200,707
2-Aug-07,26.38,27.09,26.31,26.83,1141500,706
3-Aug-07,26.75,26.82,25.14,25.15,176800,705
6-Aug-07,25.32,25.35,23.87,25.19,493700,704
7-Aug-07,25,26.83,24.88,26.56,1073600,703
8-Aug-07,27,29.54,27,28.55,2135000,702
9-Aug-07,27.58,29.31,27.5,28.72,1683300,701
10-Aug-07,28.12,28.58,27.4,27.4,643500,700
13-Aug-07,27.88,27.98,25.77,25.77,154700,699
14-Aug-07,25.7,25.83,24.67,24.75,362700,698
15-Aug-07,24.29,24.74,23.68,23.68,470500,697
16-Aug-07,23.03,24.63,22.28,24.39,403100,696
17-Aug-07,26.08,26.13,24.17,24.93,1094900,695
20-Aug-07,25.1,25.1,24.23,24.61,358400,694
21-Aug-07,24.17,24.66,24,24.47,157300,693
22-Aug-07,25.01,25.19,24.27,24.64,182200,692
23-Aug-07,24.85,25.15,24.29,24.36,189900,691
24-Aug-07,24.39,24.58,24.14,24.5,165000,690
27-Aug-07,24.5,24.78,23.6,23.62,418300,689
28-Aug-07,23.22,23.22,22.41,22.51,495400,688
29-Aug-07,22.64,23.19,22.28,23.11,216200,687
30-Aug-07,22.8,23.32,22.71,23.06,524300,686
31-Aug-07,23.9,24.48,23.2,23.64,212800,685
4-Sep-07,23.65,24.43,23.38,24.15,258000,684
5-Sep-07,23.72,23.72,22.96,23.02,106000,683
6-Sep-07,23.18,23.18,22.55,22.83,171200,682
7-Sep-07,22.24,22.31,21.92,21.99,374800,681
10-Sep-07,22.28,22.29,21.49,21.57,134300,680
11-Sep-07,21.61,21.84,21.42,21.55,328800,679
12-Sep-07,21.6,21.81,21.38,21.38,146600,678
13-Sep-07,21.43,21.76,21.37,21.48,301000,677
14-Sep-07,21.21,22.14,21.12,22.08,2008900,676
17-Sep-07,22.18,22.58,22.09,22.4,356700,675
18-Sep-07,22.78,24,22.23,23.94,1266200,674
19-Sep-07,24.45,25.2,23.22,23.48,1668300,673
20-Sep-07,23.2,23.38,22.27,22.42,294700,672
21-Sep-07,22.67,22.89,21.87,22.4,149800,671
24-Sep-07,22.6,22.67,21.07,21.3,1198600,670
25-Sep-07,20.8,20.8,20.23,20.48,784000,669
26-Sep-07,20.5,20.55,19.8,19.9,490000,668
27-Sep-07,19.92,20.35,19.67,20.15,515900,667
28-Sep-07,20.3,20.3,19.8,19.87,361200,666
1-Oct-07,20.25,20.88,19.67,20.75,688600,665
2-Oct-07,21.1,22.25,21,21.86,1137700,664
3-Oct-07,21.9,22.98,21.75,22.52,1055200,663
4-Oct-07,22.33,22.35,21.58,22,430900,662
5-Oct-07,22.63,22.95,22.2,22.78,648300,661
8-Oct-07,22.73,22.73,21.86,21.86,333000,660
9-Oct-07,21.95,22.11,21.65,21.97,277400,659
10-Oct-07,22.14,22.41,22.07,22.16,591800,658
11-Oct-07,22.5,22.76,22.14,22.32,503800,657
12-Oct-07,22,22.07,21.54,21.72,385500,656
15-Oct-07,21.32,21.82,20.63,20.8,878200,655
16-Oct-07,20.55,20.55,19.99,19.99,809100,654
17-Oct-07,20.35,20.49,19.4,19.75,695400,653
18-Oct-07,19.53,19.75,19.15,19.58,385200,652
19-Oct-07,19.43,19.68,19.3,19.4,441900,651
22-Oct-07,19.08,20.68,19.08,20.37,397100,650
23-Oct-07,20.71,20.9,20.02,20.26,401600,649
24-Oct-07,20.12,20.56,19.65,20.56,378300,648
25-Oct-07,20.51,21.15,20.28,20.7,432100,647
26-Oct-07,21.25,21.73,20.98,21.51,2109400,646
29-Oct-07,21.69,21.69,20.94,21.28,443400,645
30-Oct-07,21.1,21.51,20.82,21.43,255500,644
31-Oct-07,21.61,21.78,20.8,20.89,1957000,643
1-Nov-07,20.53,20.55,19.81,19.91,987700,642
2-Nov-07,20.21,20.47,19.31,19.71,421200,641
5-Nov-07,19.25,19.74,19.25,19.53,386300,640
6-Nov-07,19.68,19.96,19.25,19.96,464500,639
7-Nov-07,19.95,19.95,19.2,19.2,335000,638
8-Nov-07,19.15,19.5,18.44,18.95,524100,637
9-Nov-07,18.5,19.26,18.37,19.09,467800,636
12-Nov-07,19.3,19.77,18.98,19.12,208900,635
13-Nov-07,19.25,20.02,19.25,19.91,250500,634
14-Nov-07,20.25,20.49,19.66,19.7,196600,633
15-Nov-07,19.77,19.83,19.1,19.18,291800,632
16-Nov-07,19.25,19.25,18.55,18.71,276700,631
19-Nov-07,18.53,18.59,17.75,17.84,706900,630
20-Nov-07,18.11,18.11,16.68,17.21,687400,629
21-Nov-07,17.15,17.15,16.42,16.42,487900,628
23-Nov-07,17.1,17.1,16.64,16.9,167700,627
26-Nov-07,16.69,16.84,15.68,15.7,557600,626
27-Nov-07,15.8,16.2,15.38,15.61,465100,625
28-Nov-07,15.68,16.57,15.68,16.56,685600,624
29-Nov-07,16.73,16.73,16.08,16.28,448900,623
30-Nov-07,16.9,17.4,16.9,17.15,547500,622
3-Dec-07,17.25,17.41,16.81,17.12,332400,621
4-Dec-07,16.74,17.12,16.68,16.7,139600,620
5-Dec-07,17.15,17.21,16.85,17.13,194200,619
6-Dec-07,17.21,19.15,16.89,19.12,655100,618
7-Dec-07,19.39,19.46,18.78,19,572900,617
10-Dec-07,19.19,19.89,18.87,19.84,334900,616
11-Dec-07,19.91,20.17,17.95,18.1,905600,615
12-Dec-07,18.79,19.25,17.82,18.04,648500,614
13-Dec-07,18.04,18.22,17.67,18.14,275600,613
14-Dec-07,18.02,18.32,17.75,17.88,243000,612
17-Dec-07,17.91,18.14,17.5,17.5,195700,611
18-Dec-07,17.8,18.5,17.51,17.97,446400,610
19-Dec-07,17.9,18.13,17.57,17.83,285200,609
20-Dec-07,18.04,18.04,17.21,17.74,275100,608
21-Dec-07,17.82,18.15,17.56,18.1,184100,607
24-Dec-07,18.23,18.43,18,18.42,154600,606
26-Dec-07,18.3,18.41,18.07,18.3,410500,605
27-Dec-07,18.03,18.17,17.6,17.62,217700,604
28-Dec-07,17.74,17.74,17.16,17.25,253000,603
31-Dec-07,17.05,17.78,16.74,17.63,696400,602
2-Jan-08,17.75,17.75,16.89,16.94,315900,601
3-Jan-08,17,17.05,16.23,16.24,424800,600
4-Jan-08,16,16.08,14.5,15.3,805200,599
7-Jan-08,15.31,15.47,14.84,15.13,912000,598
8-Jan-08,15.22,15.41,14.25,14.27,437600,597
9-Jan-08,14.14,14.3,13.41,14.03,661300,596
10-Jan-08,13.85,14.97,13.79,14.6,488100,595
11-Jan-08,14.5,14.8,14.03,14.46,400700,594
14-Jan-08,14.6,14.96,14.08,14.95,278800,593
15-Jan-08,14.8,14.8,14.07,14.18,381400,592
16-Jan-08,14.23,15.13,14.05,14.69,514200,591
17-Jan-08,14.85,15.2,14.64,14.87,461500,590
18-Jan-08,15.1,15.2,14.6,14.9,282400,589
22-Jan-08,14.11,16,14.1,15.84,1808000,588
23-Jan-08,15.63,17.99,15.4,17.98,1636700,587
24-Jan-08,18.22,18.65,17.43,18.09,1327500,586
25-Jan-08,18.5,19.2,17.77,17.99,748600,585
28-Jan-08,18.02,19.13,16.81,19.03,647100,584
29-Jan-08,19.19,20.15,18.71,19.93,1967800,583
30-Jan-08,19.83,20,18.91,18.95,1987000,582
31-Jan-08,18.52,21.2,18.26,20.92,1785800,581
1-Feb-08,20.93,21.76,20.22,21.57,1301100,580
4-Feb-08,21.59,21.64,19.98,20.26,1430300,579
5-Feb-08,20.05,21.26,19.7,19.7,1414200,578
6-Feb-08,19.86,20.18,18.97,19.06,1365800,577
7-Feb-08,18.75,20.11,18.75,19.11,970200,576
8-Feb-08,19.11,19.35,18.3,18.85,883700,575
11-Feb-08,18.88,19.63,18.27,19.24,511900,574
12-Feb-08,19.71,19.85,18.84,19.09,727500,573
13-Feb-08,19.27,19.6,18.94,19.52,444100,572
14-Feb-08,19.82,19.82,18.82,18.97,546000,571
15-Feb-08,18.95,18.96,17.92,18.2,795200,570
19-Feb-08,18.24,18.74,18.24,18.35,892000,569
20-Feb-08,18.36,19.2,18.12,19.14,842200,568
21-Feb-08,19.42,19.72,18.56,18.63,447200,567
22-Feb-08,18.67,18.74,18.09,18.65,454500,566
25-Feb-08,18.8,19.33,18.45,19.33,573200,565
26-Feb-08,19.39,21.01,19.2,20.57,1382200,564
27-Feb-08,20.45,21.35,20.22,20.86,585600,563
28-Feb-08,20.69,20.69,19.7,19.79,718900,562
29-Feb-08,19.4,19.53,18.3,18.5,1480000,561
3-Mar-08,18.49,18.49,17.43,17.71,805500,560
4-Mar-08,17.4,18.36,17,18.21,897700,559
5-Mar-08,18.5,18.68,17.84,18.1,680200,558
6-Mar-08,17.84,17.97,16.78,16.97,1932400,557
7-Mar-08,16.69,17.39,16.31,16.77,845100,556
10-Mar-08,16.97,17.3,16.3,16.33,640800,555
11-Mar-08,17.04,17.8,16.58,17.75,1697600,554
12-Mar-08,17.86,18.1,17.15,17.17,560600,553
13-Mar-08,16.8,18.5,16.6,18.38,815500,552
14-Mar-08,19.04,19.04,17.26,17.64,940500,551
17-Mar-08,17.29,17.84,16.7,17.12,868200,550
18-Mar-08,17.75,18.9,17.73,18.65,1009800,549
19-Mar-08,18.69,19.54,18.65,18.65,1263800,548
20-Mar-08,18.79,20.25,18.71,19.87,971400,547
24-Mar-08,20.43,21.68,20,21.03,3452200,546
25-Mar-08,21.44,21.44,20.6,20.95,1199400,545
26-Mar-08,20.99,20.99,19.5,19.54,2474600,544
27-Mar-08,20.08,20.62,19.46,19.91,1346400,543
28-Mar-08,19.81,19.93,19.33,19.43,773400,542
31-Mar-08,19.49,20.39,19.26,20.09,881100,541
1-Apr-08,20.68,21.51,20.37,20.99,1888000,540
2-Apr-08,21.68,22.3,21.48,21.68,3390500,539
3-Apr-08,21.68,22.43,21.03,22.37,1956300,538
4-Apr-08,22.5,22.5,21.7,22.11,2555900,537
7-Apr-08,22.58,22.99,21.95,22.04,3544500,536
8-Apr-08,21.75,22.22,20.86,21.29,2053700,535
9-Apr-08,21.33,21.5,20.12,20.21,1966500,534
10-Apr-08,20.17,21.23,20.17,20.86,2431400,533
11-Apr-08,20.48,20.97,20.06,20.37,829200,532
14-Apr-08,20.36,20.36,19.54,19.76,828500,531
15-Apr-08,19.87,20.22,19.5,20.18,1022500,530
16-Apr-08,20.39,21.1,20.23,21.1,1293500,529
17-Apr-08,21.02,21.07,20.43,20.92,900200,528
18-Apr-08,21.5,21.6,20.92,21.09,1494400,527
21-Apr-08,20.95,20.96,20.46,20.82,1479500,526
22-Apr-08,20.59,20.98,20.18,20.36,1732300,525
23-Apr-08,20.46,20.46,19.41,19.74,1064900,524
24-Apr-08,19.7,20.74,19.35,20.64,739800,523
25-Apr-08,20.77,20.99,20.1,20.73,884800,522
28-Apr-08,20.78,21.4,20.45,21.21,380700,521
29-Apr-08,21.09,21.21,20.63,21.01,441900,520
30-Apr-08,21.07,21.15,20.14,20.14,647100,519
1-May-08,20.1,21.17,19.96,20.89,955900,518
2-May-08,21.14,21.31,20.58,20.64,877300,517
5-May-08,20.56,20.95,20.5,20.66,474300,516
6-May-08,20.49,21.01,20.12,20.97,416600,515
7-May-08,20.85,21.03,19.97,20,1047800,514
8-May-08,20.12,20.12,19,19.13,1265300,513
9-May-08,19,19.36,18.68,18.86,643800,512
12-May-08,18.88,19.16,18.58,18.87,392800,511
13-May-08,18.89,19,18.51,18.81,570700,510
14-May-08,18.91,19.48,18.85,19.25,449700,509
15-May-08,19.55,19.78,19.11,19.68,737200,508
16-May-08,20.14,20.15,19.14,19.45,708100,507
19-May-08,19.43,19.5,18.77,18.92,491300,506
20-May-08,18.85,18.87,18.12,18.27,750600,505
21-May-08,18.35,18.39,17.37,17.51,1036600,504
22-May-08,17.74,17.82,17.2,17.34,690100,503
23-May-08,17.06,17.25,16.75,17.01,1004700,502
27-May-08,17.05,17.68,16.99,17.56,657400,501
28-May-08,17.73,17.84,17.13,17.43,490000,500
29-May-08,17.28,17.77,17.25,17.48,717500,499
30-May-08,17.45,17.64,17.22,17.27,181900,498
2-Jun-08,17.12,17.25,16.67,16.99,565000,497
3-Jun-08,17.22,17.68,17.11,17.61,509500,496
4-Jun-08,17.5,17.95,17.28,17.41,501600,495
5-Jun-08,17.34,17.67,16.96,17.31,502700,494
6-Jun-08,17.21,17.21,16.32,16.37,1305300,493
9-Jun-08,16.31,16.73,15.69,15.95,1287000,492
10-Jun-08,15.75,16.3,15.59,16.14,1031200,491
11-Jun-08,15.96,16.12,15.05,15.08,698700,490
12-Jun-08,15.4,15.73,15.22,15.33,385600,489
13-Jun-08,15.34,15.84,15.34,15.84,690200,488
16-Jun-08,15.89,16.15,15.66,16.1,358200,487
17-Jun-08,16.28,16.28,15.57,15.7,272200,486
18-Jun-08,15.57,15.94,15.42,15.85,520200,485
19-Jun-08,15.75,16.27,15.63,16.27,350900,484
20-Jun-08,16.24,16.24,15.61,15.71,281700,483
23-Jun-08,15.76,15.88,15.1,15.18,390200,482
24-Jun-08,15.3,15.83,14.76,15.41,810700,481
25-Jun-08,15.44,16.07,15.33,15.46,378500,480
26-Jun-08,15.35,15.35,14.67,14.84,502600,479
27-Jun-08,14.82,14.95,14.46,14.77,420600,478
30-Jun-08,14.59,14.75,14.27,14.3,506100,477
1-Jul-08,14.15,14.35,13.69,14.25,802700,476
2-Jul-08,14.25,14.42,13.8,13.82,544000,475
3-Jul-08,13.73,13.92,13.46,13.79,603700,474
7-Jul-08,13.78,14.04,12.94,13.22,932000,473
8-Jul-08,13.29,14.37,12.92,14.37,1397700,472
9-Jul-08,14.24,14.59,13.27,13.32,712900,471
10-Jul-08,13.18,13.45,12.74,12.93,956700,470
11-Jul-08,13.29,13.3,12.31,12.68,852500,469
14-Jul-08,12.85,13.35,12.59,12.81,838700,468
15-Jul-08,12.58,13.33,11.94,12.94,1037300,467
16-Jul-08,12.75,14.28,12.74,14.05,1012400,466
17-Jul-08,14.68,15.2,13.97,14.7,975600,465
18-Jul-08,14.92,15.12,14.35,14.61,489400,464
21-Jul-08,14.75,15.25,14.5,14.68,576000,463
22-Jul-08,14.63,15.89,14.35,15.86,597300,462
23-Jul-08,16.01,16.95,15.79,16.48,1222000,461
24-Jul-08,16.62,16.62,14.83,14.94,2996300,460
25-Jul-08,14.78,15.78,14.61,15.14,1050600,459
28-Jul-08,15.24,15.31,14.36,14.43,945200,458
29-Jul-08,14.65,15.54,14.48,15.37,938100,457
30-Jul-08,15.51,15.85,14.92,15.35,1170000,456
31-Jul-08,15.02,15.71,14.92,15.45,677100,455
1-Aug-08,15.71,15.71,14.86,15.32,1069500,454
4-Aug-08,15.3,15.3,14.7,14.96,1182100,453
5-Aug-08,15.19,15.44,14.87,15.3,831800,452
6-Aug-08,15.51,15.69,14.92,15.45,777900,451
7-Aug-08,15.11,15.76,14.98,15.27,548900,450
8-Aug-08,15.21,16.31,15.21,16.14,858900,449
11-Aug-08,16.29,17.12,16.06,16.45,982400,448
12-Aug-08,16.5,16.69,15.56,15.57,871200,447
13-Aug-08,15.54,15.77,15.08,15.41,1127600,446
14-Aug-08,15.52,16.15,15.08,15.92,455000,445
15-Aug-08,15.98,16.59,15.98,16.18,308900,444
18-Aug-08,16.07,16.35,15.34,15.44,244700,443
19-Aug-08,15.1,15.36,14.82,14.94,671900,442
20-Aug-08,15.07,15.33,14.7,15.3,607100,441
21-Aug-08,15.25,15.85,14.88,15.79,952900,440
22-Aug-08,15.95,16.2,15.47,16.1,451300,439
25-Aug-08,15.99,16.22,15.31,15.31,989200,438
26-Aug-08,15.35,15.5,14.58,14.77,2799300,437
27-Aug-08,14.96,15.57,14.88,15.49,469700,436
28-Aug-08,15.68,16.45,15.59,16.4,738600,435
29-Aug-08,16.25,16.73,16.17,16.53,502900,434
2-Sep-08,17,17.5,16.5,16.81,716600,433
3-Sep-08,16.98,17.21,16.63,16.93,468800,432
4-Sep-08,16.89,16.9,15.89,16.1,572800,431
5-Sep-08,16.01,16.71,15.44,16.61,808000,430
8-Sep-08,18.1,18.39,17.42,18.19,2171400,429
9-Sep-08,17.93,18.04,16.55,16.93,1459200,428
10-Sep-08,17.06,17.86,16.61,17.48,667900,427
11-Sep-08,17.02,18.19,16.87,17.99,1800700,426
12-Sep-08,17.93,18.42,17.65,18.06,1098600,425
15-Sep-08,17.19,18.21,16.94,17.21,1109900,424
16-Sep-08,17.01,17.95,16.34,17.78,1048400,423
17-Sep-08,17.68,17.68,16.33,16.52,938800,422
18-Sep-08,16.48,18.44,15.59,18.26,1728600,421
19-Sep-08,20,20.02,18.68,19.75,1780700,420
22-Sep-08,19.43,19.72,17.55,17.73,859900,419
23-Sep-08,18,18.18,16.93,17.21,1773100,418
24-Sep-08,17.13,18.16,17,17.85,346400,417
25-Sep-08,18.46,18.74,17.71,18.51,1070900,416
26-Sep-08,17.75,18.94,17.58,18.93,485700,415
29-Sep-08,18.5,18.5,16.66,16.87,822600,414
30-Sep-08,17.77,17.96,16.88,17.96,761100,413
1-Oct-08,17.87,18.31,17.24,18.15,493200,412
2-Oct-08,17.89,18.15,16.93,17.06,400900,411
3-Oct-08,17.66,17.84,14.31,16.19,857500,410
6-Oct-08,15.18,15.65,14.4,15.31,1081800,409
7-Oct-08,15.59,15.59,13.77,13.81,633000,408
8-Oct-08,13.64,14.87,13.45,13.89,993600,407
9-Oct-08,14.32,14.38,12.53,12.76,643400,406
10-Oct-08,11.94,13.41,11.66,13.4,920900,405
13-Oct-08,13.99,14,13.15,13.65,590600,404
14-Oct-08,14.44,14.5,13,13.46,686800,403
15-Oct-08,13.21,13.21,11.81,12.15,1008600,402
16-Oct-08,11.95,12.85,11.45,12.71,660400,401
17-Oct-08,12.29,13,12.15,12.39,503800,400
20-Oct-08,12.61,13.25,12.25,13.11,385000,399
21-Oct-08,12.85,13.32,12.61,12.65,334900,398
22-Oct-08,12.02,12.77,11.76,12,384200,397
23-Oct-08,12.33,12.33,9.91,10.83,743600,396
24-Oct-08,9.5,10.93,9.5,10.35,655400,395
27-Oct-08,9.94,10.69,9.94,9.94,423400,394
28-Oct-08,10.21,10.4,9.25,10.27,845300,393
29-Oct-08,10.38,11.35,10.22,10.96,559400,392
30-Oct-08,11.4,11.6,11.02,11.36,687000,391
31-Oct-08,11.51,12.42,11.11,12.39,750000,390
3-Nov-08,12.5,12.78,12.05,12.25,723900,389
4-Nov-08,12.51,13.01,12.48,12.89,531600,388
5-Nov-08,12.47,13.2,12.01,12.11,515200,387
6-Nov-08,11.79,12.16,11.5,11.68,235100,386
7-Nov-08,11.79,11.79,11.1,11.35,249300,385
10-Nov-08,11.27,11.65,10.34,10.56,400450,384
11-Nov-08,10.34,10.71,9.99,10.4,242709,383
12-Nov-08,10.03,10.2,9.4,9.46,304472,382
13-Nov-08,9.32,10,8.55,9.99,895921,381
14-Nov-08,9.76,10.32,9.46,9.51,350689,380
17-Nov-08,9.44,9.57,9.04,9.25,233660,379
18-Nov-08,9.02,9.41,8.71,8.98,362980,378
19-Nov-08,8.87,9.07,7.95,8,391605,377
20-Nov-08,7.73,8.03,7.17,7.19,716778,376
21-Nov-08,7.27,7.59,6.45,7.11,637365,375
24-Nov-08,7.15,8.47,7.13,8.2,648617,374
25-Nov-08,8.5,9.3,8.5,9.1,607734,373
26-Nov-08,8.94,10.32,8.75,10.18,694231,372
28-Nov-08,10,10.28,9.77,10.06,120807,371
1-Dec-08,9.73,9.84,8.68,8.75,635598,370
2-Dec-08,8.9,9.44,8.73,9.32,177184,369
3-Dec-08,9.02,10.52,9.02,10.41,565499,368
4-Dec-08,10.27,11.4,10.08,10.83,938364,367
5-Dec-08,10.54,11.42,10.11,11.24,535282,366
8-Dec-08,11.73,11.87,11.13,11.62,425799,365
9-Dec-08,11.4,12.1,10.78,10.96,514984,364
10-Dec-08,11.19,11.57,10.8,11.56,386064,363
11-Dec-08,11.41,11.56,10.58,10.82,347334,362
12-Dec-08,10.48,11.3,10.29,11.15,253617,361
15-Dec-08,11.05,11.39,10.1,10.41,506121,360
16-Dec-08,10.47,11.69,10.46,11.55,1278283,359
17-Dec-08,11.44,12.01,11.4,11.7,635054,358
18-Dec-08,11.78,12.2,11.2,11.5,577789,357
19-Dec-08,11.49,11.81,10.5,10.62,334132,356
22-Dec-08,10.59,10.59,9.67,9.87,486226,355
23-Dec-08,9.82,9.92,9.47,9.51,242881,354
24-Dec-08,9.4,9.6,9.4,9.43,69988,353
26-Dec-08,9.38,9.65,9.36,9.48,74452,352
29-Dec-08,9.43,9.5,9.1,9.22,222633,351
30-Dec-08,9.26,9.62,9.15,9.6,139624,350
31-Dec-08,9.6,10,9.5,9.81,436786,349
2-Jan-09,9.94,10.17,9.7,10.06,220259,348
5-Jan-09,10.13,10.69,9.92,10.58,271754,347
6-Jan-09,10.81,11.03,10.68,11,451427,346
7-Jan-09,10.75,10.78,10.42,10.54,184666,345
8-Jan-09,10.36,10.9,10.32,10.87,100441,344
9-Jan-09,10.92,10.92,10.12,10.39,288870,343
12-Jan-09,10.27,10.5,9.63,9.68,282754,342
13-Jan-09,9.63,9.95,9.55,9.8,138868,341
14-Jan-09,9.69,9.69,9.2,9.25,202295,340
15-Jan-09,9.25,9.66,8.85,9.17,442800,339
16-Jan-09,9.45,9.6,8.98,9.48,240226,338
20-Jan-09,9.5,9.5,8.69,8.73,240664,337
21-Jan-09,8.73,8.96,8.36,8.94,588911,336
22-Jan-09,8.69,9,8.67,8.78,257359,335
23-Jan-09,8.47,9.11,8.47,8.87,383346,334
26-Jan-09,8.9,9.54,8.81,9.25,358540,333
27-Jan-09,9.29,9.43,9,9.06,208254,332
28-Jan-09,9.19,9.9,9.19,9.66,451248,331
29-Jan-09,9.49,9.56,8.92,9,197824,330
30-Jan-09,9.02,9.03,8.58,8.63,159071,329
2-Feb-09,8.5,9.03,8.5,8.75,526503,328
3-Feb-09,8.9,9.45,8.86,9.35,314565,327
4-Feb-09,9.39,9.55,9.13,9.21,326995,326
5-Feb-09,9.07,9.47,9.07,9.36,536644,325
6-Feb-09,9.36,10.41,9.36,10.14,599923,324
9-Feb-09,10.02,10.11,9.69,9.93,405253,323
10-Feb-09,9.81,10.08,8.95,9.05,847228,322
11-Feb-09,9.1,9.4,8.91,9.13,847625,321
12-Feb-09,8.87,8.9,8.42,8.87,569488,320
13-Feb-09,8.81,9.04,8.66,8.92,424621,319
17-Feb-09,8.53,8.67,8.45,8.53,166872,318
18-Feb-09,8.81,8.81,8.13,8.18,233086,317
19-Feb-09,8.18,8.39,7.54,7.54,465917,316
20-Feb-09,7.5,7.62,7.22,7.48,409107,315
23-Feb-09,7.57,7.7,7.37,7.38,222399,314
24-Feb-09,7.46,8.26,7.42,7.99,402841,313
25-Feb-09,8.04,8.04,7.55,7.76,629014,312
26-Feb-09,7.95,8.03,7.63,7.7,286603,311
27-Feb-09,7.5,7.8,7.39,7.43,450848,310
2-Mar-09,7.18,7.43,7.04,7.06,255679,309
3-Mar-09,7.09,7.2,6.66,6.75,186767,308
4-Mar-09,6.85,7.06,6.69,6.9,190273,307
5-Mar-09,6.66,6.9,6.56,6.6,154213,306
6-Mar-09,6.66,6.8,6.33,6.48,462067,305
9-Mar-09,6.51,6.84,6.35,6.52,200586,304
10-Mar-09,6.79,7.36,6.69,7.35,390782,303
11-Mar-09,7.49,7.61,7.16,7.32,504012,302
12-Mar-09,7.41,7.95,7.15,7.89,299852,301
13-Mar-09,7.89,8.11,7.68,7.93,190345,300
16-Mar-09,7.9,8.12,7.59,7.64,865870,299
17-Mar-09,7.77,8.05,7.55,8.05,316766,298
18-Mar-09,8.12,8.97,7.75,8.75,1022909,297
19-Mar-09,9.04,9.05,8.41,8.46,496949,296
20-Mar-09,8.53,8.53,7.86,7.9,247687,295
23-Mar-09,8.31,8.89,8.06,8.85,534730,294
24-Mar-09,8.96,9,8.67,8.78,396196,293
25-Mar-09,8.9,9.67,8.72,9.11,1001909,292
26-Mar-09,9.35,9.72,9.28,9.67,446421,291
27-Mar-09,9.59,9.81,9.45,9.54,364968,290
30-Mar-09,9.41,9.51,8.76,8.91,368357,289
31-Mar-09,9.06,9.16,8.55,8.74,390261,288
1-Apr-09,8.8,9.12,8.5,8.97,234434,287
2-Apr-09,9.29,9.6,9.2,9.41,408623,286
3-Apr-09,9.44,9.62,9.22,9.58,257546,285
6-Apr-09,9.49,9.49,9.15,9.39,258300,284
7-Apr-09,9.22,9.27,8.87,8.94,171341,283
8-Apr-09,9.36,9.47,8.8,8.99,342579,282
9-Apr-09,9.45,9.63,9.2,9.6,1066263,281
13-Apr-09,9.42,9.61,9.31,9.55,290532,280
14-Apr-09,9.59,9.64,9.2,9.39,231490,279
15-Apr-09,9.28,10,9.23,9.87,959254,278
16-Apr-09,9.93,10.34,9.72,10.22,503683,277
17-Apr-09,10.27,10.76,10.2,10.7,368933,276
20-Apr-09,10.5,10.5,9.75,9.8,334989,275
21-Apr-09,9.65,10.4,9.58,10.31,359674,274
22-Apr-09,10.31,10.88,10.06,10.5,518874,273
23-Apr-09,10.64,10.75,10.02,10.53,329985,272
24-Apr-09,10.6,11.37,10.56,11.19,473834,271
27-Apr-09,10.99,11.46,10.92,11.09,270891,270
28-Apr-09,10.9,11.27,10.8,11.05,263789,269
29-Apr-09,11.26,11.63,11.07,11.38,541275,268
30-Apr-09,11.6,11.77,11.1,11.21,381374,267
1-May-09,11.08,11.24,10.79,10.92,696833,266
4-May-09,11.12,11.78,11.12,11.77,366028,265
5-May-09,11.77,11.9,11.42,11.72,365260,264
6-May-09,11.87,11.87,11,11.38,485669,263
7-May-09,11.64,11.72,10.67,10.83,1460310,262
8-May-09,11.08,11.31,10.67,11.3,535082,261
11-May-09,10.98,11.17,10.83,10.93,245761,260
12-May-09,10.95,11.07,10.37,10.59,562004,259
13-May-09,10.38,10.38,10.01,10.03,313874,258
14-May-09,10,10.48,9.83,10.2,318805,257
15-May-09,10.21,10.48,10,10.08,285637,256
18-May-09,10.28,10.8,10.28,10.77,499505,255
19-May-09,10.83,10.83,10.42,10.59,322979,254
20-May-09,10.65,10.93,10.23,10.27,289272,253
21-May-09,10.1,10.25,9.85,10.01,308976,252
22-May-09,10.09,10.12,9.78,9.92,275869,251
26-May-09,9.99,10.44,9.79,10.36,284200,250
27-May-09,10.28,10.62,10.05,10.07,278595,249
28-May-09,10.17,10.24,9.52,9.77,415630,248
29-May-09,9.75,10.08,9.75,9.95,210687,247
1-Jun-09,10.22,10.39,10.1,10.25,1212023,246
2-Jun-09,10.22,10.55,10.09,10.44,734656,245
3-Jun-09,10.41,10.41,9.98,10.08,228639,244
4-Jun-09,10.1,10.13,9.89,10.05,386364,243
5-Jun-09,10.27,10.27,9.89,9.96,225543,242
8-Jun-09,9.86,10.18,9.81,10.1,153639,241
9-Jun-09,10.11,10.4,10.08,10.27,133689,240
10-Jun-09,10.41,10.45,9.98,10.16,141554,239
11-Jun-09,10.14,10.18,9.89,9.9,237856,238
12-Jun-09,9.97,9.97,9.7,9.88,158194,237
15-Jun-09,9.71,9.77,9.46,9.46,339106,236
16-Jun-09,9.71,9.88,9.45,9.51,264499,235
17-Jun-09,9.5,9.79,9.3,9.64,242315,234
18-Jun-09,9.62,9.69,9.38,9.44,397984,233
19-Jun-09,9.57,9.64,9.48,9.54,116554,232
22-Jun-09,9.44,9.5,9.3,9.32,251450,231
23-Jun-09,9.32,9.44,9.22,9.32,267250,230
24-Jun-09,9.34,9.56,9.2,9.3,230805,229
25-Jun-09,9.24,9.78,9.24,9.76,182063,228
26-Jun-09,9.75,9.84,9.65,9.71,201365,227
29-Jun-09,9.81,9.93,9.64,9.88,210000,226
30-Jun-09,9.85,10,9.76,9.82,151717,225
1-Jul-09,9.88,9.95,9.8,9.84,160937,224
2-Jul-09,9.75,9.75,9.53,9.56,134591,223
6-Jul-09,9.5,9.55,9.29,9.36,225424,222
7-Jul-09,9.4,9.4,9.15,9.17,226950,221
8-Jul-09,9.26,9.26,8.9,9,520704,220
9-Jul-09,9.13,9.27,9,9.2,113670,219
10-Jul-09,9.11,9.22,8.98,9.14,97532,218
13-Jul-09,9.12,9.28,8.94,9.27,127909,217
14-Jul-09,9.23,9.54,9.2,9.51,142967,216
15-Jul-09,9.6,9.97,9.6,9.92,230260,215
16-Jul-09,9.94,10.26,9.85,10.23,294357,214
17-Jul-09,10.33,10.44,10.27,10.44,209204,213
20-Jul-09,10.39,10.58,10.36,10.52,301619,212
21-Jul-09,10.6,10.61,10.3,10.43,240682,211
22-Jul-09,10.35,10.84,10.35,10.8,336023,210
23-Jul-09,10.85,11.52,10.81,11.36,641157,209
24-Jul-09,11.34,11.43,11.03,11.42,485332,208
27-Jul-09,11.69,11.89,11.27,11.83,2066032,207
28-Jul-09,11.75,11.96,11.67,11.87,799644,206
29-Jul-09,11.92,11.92,11.64,11.79,440764,205
30-Jul-09,11.99,12.07,11.78,11.93,358128,204
31-Jul-09,11.9,12.2,11.88,12.12,426417,203
3-Aug-09,12.3,12.37,12.06,12.3,575454,202
4-Aug-09,12.23,12.6,11.92,12.41,538457,201
5-Aug-09,12.51,12.65,12.27,12.59,860879,200
6-Aug-09,12.69,12.74,12.38,12.43,636812,199
7-Aug-09,12.7,13.2,12.66,12.95,582151,198
10-Aug-09,13,13.01,12.53,12.64,393483,197
12-Aug-09,12.76,13.06,12.71,12.91,1921534,196
13-Aug-09,12.99,13.05,12.59,12.87,377330,195
14-Aug-09,12.95,12.95,12.43,12.58,338828,194
17-Aug-09,12.21,12.29,11.94,12.12,638223,193
18-Aug-09,12.11,12.42,12.09,12.36,644583,192
19-Aug-09,12.25,12.46,12.1,12.39,465960,191
20-Aug-09,12.4,12.64,12.38,12.54,800756,190
21-Aug-09,12.75,13.19,12.62,13.02,2377255,189
24-Aug-09,13.19,13.25,12.87,12.96,2004479,188
25-Aug-09,13.13,13.5,12.98,13.31,735552,187
26-Aug-09,13.35,13.7,13.18,13.6,2114913,186
27-Aug-09,13.57,13.57,13,13.44,726027,185
28-Aug-09,13.67,13.68,13.27,13.48,1671976,184
31-Aug-09,13.19,13.31,13.02,13.14,447910,183
1-Sep-09,13.19,13.39,12.58,12.68,710939,182
2-Sep-09,12.5,12.62,12.29,12.34,396572,181
3-Sep-09,12.29,12.5,12.13,12.5,344026,180
4-Sep-09,12.45,12.72,12.37,12.7,206193,179
8-Sep-09,12.82,12.98,12.69,12.85,328410,178
9-Sep-09,12.97,13.06,12.8,12.95,413190,177
10-Sep-09,13.05,13.2,12.87,13.1,342162,176
11-Sep-09,13.25,13.32,12.89,12.98,266426,175
14-Sep-09,13.02,13.02,12.77,12.94,369815,174
15-Sep-09,13.04,13.25,12.94,13.24,401463,173
16-Sep-09,13.32,13.75,13.3,13.71,703983,172
17-Sep-09,13.82,13.93,13.36,13.51,526439,171
18-Sep-09,13.69,13.81,13.51,13.51,412486,170
21-Sep-09,13.49,13.54,13.16,13.42,286196,169
22-Sep-09,13.62,13.62,13.3,13.33,371881,168
23-Sep-09,13.41,13.46,12.94,12.97,479334,167
24-Sep-09,13.13,13.22,12.58,12.73,636627,166
25-Sep-09,12.6,12.74,12.33,12.39,437089,165
28-Sep-09,12.42,12.66,12.39,12.58,679516,164
29-Sep-09,12.67,12.8,12.54,12.54,651695,163
30-Sep-09,12.67,12.67,12.22,12.31,368586,162
1-Oct-09,12.22,12.22,11.73,11.77,1308386,161
2-Oct-09,11.5,11.7,11.46,11.52,387064,160
5-Oct-09,11.54,11.78,11.52,11.68,400115,159
6-Oct-09,11.74,12.05,11.73,11.88,1146598,158
7-Oct-09,11.9,11.9,11.6,11.67,642586,157
8-Oct-09,11.81,12.32,11.77,12.15,727140,156
9-Oct-09,12.22,12.38,12.06,12.28,173678,155
12-Oct-09,12.39,12.39,12.2,12.26,251344,154
13-Oct-09,12.19,12.63,12.19,12.51,479511,153
14-Oct-09,12.75,12.75,12.56,12.74,288182,152
15-Oct-09,12.62,12.77,12.54,12.72,402917,151
16-Oct-09,12.59,12.64,12.4,12.57,448011,150
19-Oct-09,12.59,12.67,12.43,12.5,288108,149
20-Oct-09,12.49,12.5,12.16,12.22,481004,148
21-Oct-09,12.26,12.51,12.01,12.03,587481,147
22-Oct-09,12,12.67,11.9,12.52,1014732,146
23-Oct-09,12.54,12.76,12.14,12.21,395664,145
26-Oct-09,12.21,12.42,11.88,11.92,868146,144
27-Oct-09,11.95,12.03,11.75,11.78,1123315,143
28-Oct-09,11.76,11.76,11.21,11.23,1149585,142
29-Oct-09,11.34,11.68,11.32,11.5,1018670,141
30-Oct-09,11.49,11.5,11.07,11.14,709007,140
2-Nov-09,11.15,11.4,10.79,11.06,647761,139
3-Nov-09,10.93,11.33,10.9,11.3,603760,138
4-Nov-09,11.41,11.69,11.36,11.41,811576,137
5-Nov-09,11.62,11.82,11.4,11.57,435635,136
6-Nov-09,11.49,11.84,11.49,11.7,206048,135
9-Nov-09,11.83,11.99,11.8,11.99,158668,134
10-Nov-09,12,12.14,11.73,11.83,272866,133
11-Nov-09,12.14,12.42,12.09,12.37,627678,132
12-Nov-09,12.42,12.42,12,12.03,226496,131
13-Nov-09,12.12,12.22,11.96,12.06,301679,130
16-Nov-09,12.06,12.37,12.06,12.26,230001,129
17-Nov-09,12.25,12.25,12.04,12.16,202071,128
18-Nov-09,12.14,12.34,12.02,12.2,228610,127
19-Nov-09,12.15,12.17,11.81,11.95,271991,126
20-Nov-09,11.78,11.83,11.52,11.61,943916,125
23-Nov-09,11.79,12,11.68,11.73,507528,124
24-Nov-09,11.77,11.77,11.52,11.64,326115,123
25-Nov-09,11.65,11.79,11.61,11.7,423858,122
27-Nov-09,11.37,11.61,11.31,11.48,126803,121
30-Nov-09,11.44,11.52,11.33,11.45,1236001,120
1-Dec-09,11.52,11.77,11.49,11.64,1025087,119
2-Dec-09,11.69,11.81,11.59,11.67,205498,118
3-Dec-09,11.69,11.73,11.33,11.39,1437982,117
4-Dec-09,11.56,11.64,11.36,11.53,544653,116
7-Dec-09,11.5,11.6,11.37,11.43,358129,115
8-Dec-09,11.31,11.42,11.2,11.26,342881,114
9-Dec-09,11.21,11.29,11.16,11.26,323307,113
10-Dec-09,11.28,11.4,11.21,11.22,224079,112
11-Dec-09,11.33,11.42,11.26,11.41,363802,111
14-Dec-09,11.43,11.51,11.32,11.5,131016,110
15-Dec-09,11.5,11.52,11.41,11.42,202039,109
16-Dec-09,11.44,11.76,11.44,11.73,235894,108
17-Dec-09,11.62,11.73,11.57,11.66,221326,107
18-Dec-09,11.72,11.74,11.51,11.6,185091,106
21-Dec-09,11.61,11.75,11.52,11.74,431818,105
22-Dec-09,11.75,12.21,11.71,12.16,1987635,104
23-Dec-09,12.12,12.26,11.97,12.18,1429744,103
24-Dec-09,12.25,12.28,12.18,12.28,146893,102
28-Dec-09,12.32,12.39,12.03,12.1,215541,101
29-Dec-09,12.14,12.14,11.96,12.07,166541,100
30-Dec-09,12.03,12.18,11.99,12.09,234774,99
31-Dec-09,-,-,-,12.01,0,98
4-Jan-10,12.03,12.18,11.93,12.16,1025872,97
5-Jan-10,12.2,12.29,11.92,12.27,365418,96
6-Jan-10,12.27,12.33,12.18,12.26,169772,95
7-Jan-10,12.42,13.06,12.42,12.97,1418103,94
8-Jan-10,12.97,13.02,12.83,12.98,1121670,93
11-Jan-10,13.07,13.08,12.87,12.95,223242,92
12-Jan-10,12.82,12.87,12.65,12.77,432479,91
13-Jan-10,12.76,13.05,12.67,13,2172604,90
14-Jan-10,13,13.09,12.95,13.02,170815,89
15-Jan-10,-,-,-,12.81,0,88
19-Jan-10,12.84,12.96,12.71,12.96,144619,87
20-Jan-10,12.85,12.85,12.65,12.77,278146,86
21-Jan-10,12.74,12.83,12.43,12.44,187661,85
22-Jan-10,12.43,12.61,12.11,12.15,422147,84
25-Jan-10,12.19,12.29,12.01,12.16,290540,83
26-Jan-10,12.26,12.33,12.1,12.2,91522,82
27-Jan-10,12.15,12.34,11.99,12.34,262411,81
28-Jan-10,12.31,12.53,12.19,12.35,382477,80
29-Jan-10,12.42,12.59,12.32,12.34,137867,79
1-Feb-10,12.35,12.42,12.25,12.37,83368,78
2-Feb-10,12.54,13.11,12.54,13.03,892879,77
3-Feb-10,13.02,13.1,12.87,13,180146,76
4-Feb-10,12.86,12.86,12.58,12.61,206184,75
5-Feb-10,12.6,12.6,12.09,12.4,267054,74
8-Feb-10,12.38,12.83,12.29,12.62,200767,73
9-Feb-10,12.73,12.75,12.49,12.71,242560,72
10-Feb-10,12.72,12.78,12.43,12.7,266582,71
11-Feb-10,12.71,13.06,12.61,13.05,1085060,70
12-Feb-10,-,-,-,13.12,0,69
16-Feb-10,13.17,13.34,13.1,13.27,506814,68
17-Feb-10,13.43,13.46,13.18,13.32,840791,67
18-Feb-10,13.33,13.34,13.09,13.22,371396,66
19-Feb-10,13.2,13.29,13.14,13.27,730376,65
22-Feb-10,13.34,13.35,13.07,13.2,2023785,64
23-Feb-10,13.21,13.26,12.81,12.87,2985913,63
24-Feb-10,12.95,12.96,12.55,12.89,721586,62
25-Feb-10,12.67,12.88,12.51,12.88,380437,61
26-Feb-10,12.86,12.92,12.66,12.89,130130,60
1-Mar-10,12.92,13.1,12.88,13.08,512547,59
2-Mar-10,13.09,13.2,13.05,13.06,229595,58
3-Mar-10,13.09,13.33,13.09,13.27,146622,57
4-Mar-10,13.23,13.33,13.12,13.21,104499,56
5-Mar-10,13.27,13.53,13.23,13.52,533697,55
8-Mar-10,13.56,13.68,13.52,13.67,306327,54
9-Mar-10,13.59,13.87,13.59,13.77,204957,53
10-Mar-10,13.79,13.89,13.68,13.76,206361,52
11-Mar-10,13.7,13.76,13.57,13.74,176008,51
12-Mar-10,13.81,13.81,13.59,13.64,159529,50
15-Mar-10,13.58,13.65,13.44,13.58,210538,49
16-Mar-10,13.57,13.79,13.53,13.77,207345,48
17-Mar-10,13.85,13.93,13.78,13.84,195893,47
18-Mar-10,13.83,13.87,13.67,13.68,214713,46
19-Mar-10,13.75,13.76,13.44,13.46,217809,45
22-Mar-10,13.32,13.6,13.29,13.57,179891,44
23-Mar-10,13.55,13.72,13.46,13.7,850656,43
24-Mar-10,13.8,13.88,13.67,13.7,143287,42
25-Mar-10,13.8,14.01,13.74,13.75,299755,41
26-Mar-10,13.76,14,13.76,13.84,216538,40
29-Mar-10,13.94,13.95,13.73,13.81,147682,39
30-Mar-10,13.82,13.94,13.71,13.75,119853,38
31-Mar-10,13.71,13.74,13.53,13.55,118062,37
1-Apr-10,-,-,-,13.53,0,36
5-Apr-10,13.64,13.8,13.53,13.75,186180,35
6-Apr-10,13.7,13.72,13.5,13.61,834453,34
7-Apr-10,13.55,13.67,13.35,13.45,668464,33
8-Apr-10,13.36,13.52,13.28,13.49,257343,32
9-Apr-10,13.53,13.65,13.49,13.62,174213,31
12-Apr-10,13.65,13.71,13.58,13.69,235175,30
13-Apr-10,13.71,13.83,13.68,13.8,488419,29
14-Apr-10,13.85,14.29,13.84,14.27,735276,28
15-Apr-10,14.3,14.35,14.12,14.2,161957,27
16-Apr-10,14.15,14.18,13.82,13.97,413209,26
19-Apr-10,13.89,14.05,13.75,13.96,150345,25
20-Apr-10,13.99,14.25,13.99,14.22,684249,24
21-Apr-10,14.28,14.53,14.25,14.5,355555,23
22-Apr-10,14.4,15.13,14.34,15.09,564051,22
23-Apr-10,15.16,15.75,15.14,15.53,4437601,21
26-Apr-10,15.57,15.76,15.33,15.35,1055179,20
27-Apr-10,15.25,15.28,14.7,14.72,915848,19
28-Apr-10,14.8,15.16,14.8,14.93,438984,18
29-Apr-10,15.08,15.46,15.01,15.41,1300119,17
30-Apr-10,15.61,15.77,15.22,15.22,2621163,16
3-May-10,15.4,15.73,15.25,15.67,1940152,15
4-May-10,15.5,15.52,14.95,15.1,1195744,14
5-May-10,15.02,15.1,14.65,14.78,970713,13
6-May-10,14.72,14.92,12.36,14.12,2269085,12
7-May-10,14.04,14.31,13.53,13.55,995849,11
10-May-10,14.19,14.7,14.19,14.65,504605,10
11-May-10,14.47,14.95,14.36,14.65,2857547,9
12-May-10,14.62,14.85,14.57,14.78,4758741,8
13-May-10,14.79,14.79,14.2,14.3,2173403,7
14-May-10,14.26,14.26,13.8,14.06,1332696,6
17-May-10,13.99,14.14,13.54,14.11,2493667,5
18-May-10,14.25,14.4,13.87,14,5900405,4
19-May-10,13.74,14.18,13.49,13.77,1452964,3
20-May-10,13.4,13.48,13.07,13.13,811643,2
21-May-10,12.95,13.44,12.83,13.25,583251,1
