Index,Open,High,Low,Close,Volume,Date
1,0,4.69,4.62,4.62,74400,23-Jun-92
2,0,4.66,4.59,4.59,194400,24-Jun-92
3,0,4.59,4.56,4.59,68800,25-Jun-92
4,0,4.59,4.56,4.56,172800,26-Jun-92
5,0,4.69,4.56,4.69,174000,29-Jun-92
6,0,4.75,4.59,4.62,188400,30-Jun-92
7,0,4.78,4.59,4.78,174800,1-Jul-92
8,0,4.75,4.66,4.69,144800,2-Jul-92
9,0,4.69,4.62,4.62,91200,6-Jul-92
10,0,4.78,4.66,4.75,164400,7-Jul-92
11,0,4.78,4.72,4.75,70400,8-Jul-92
12,0,4.81,4.69,4.72,114800,9-Jul-92
13,0,4.75,4.66,4.75,52400,10-Jul-92
14,0,4.81,4.69,4.81,60000,13-Jul-92
15,0,4.88,4.72,4.75,70400,14-Jul-92
16,0,4.84,4.72,4.78,156000,15-Jul-92
17,0,4.78,4.72,4.75,46400,16-Jul-92
18,0,4.75,4.72,4.72,101600,17-Jul-92
19,0,4.72,4.66,4.69,46000,20-Jul-92
20,0,4.66,4.53,4.56,197600,21-Jul-92
21,0,4.56,4.47,4.47,78400,22-Jul-92
22,0,4.47,4.44,4.44,88000,23-Jul-92
23,0,4.56,4.44,4.53,115200,24-Jul-92
24,0,4.56,4.44,4.44,66000,27-Jul-92
25,0,4.5,4.44,4.47,35600,28-Jul-92
26,0,4.5,4.47,4.5,174000,29-Jul-92
27,0,4.56,4.47,4.56,55200,30-Jul-92
28,0,4.59,4.5,4.53,55600,31-Jul-92
29,0,4.56,4.44,4.44,61600,3-Aug-92
30,0,4.53,4.44,4.53,95600,4-Aug-92
31,0,4.53,4.47,4.53,148800,5-Aug-92
32,0,4.53,4.5,4.53,73600,6-Aug-92
33,0,4.5,4.47,4.47,173200,7-Aug-92
34,0,4.47,4.41,4.47,91600,10-Aug-92
35,0,4.47,4.41,4.41,138400,11-Aug-92
36,0,4.41,4.38,4.38,105200,12-Aug-92
37,0,4.38,4.34,4.38,33200,13-Aug-92
38,0,4.44,4.38,4.44,58400,14-Aug-92
39,0,4.69,4.41,4.69,252000,17-Aug-92
40,0,4.66,4.56,4.56,198000,18-Aug-92
41,0,4.56,4.41,4.44,208000,19-Aug-92
42,0,4.41,4.34,4.34,147600,20-Aug-92
43,0,4.38,4.31,4.38,189200,21-Aug-92
44,0,4.34,4.31,4.34,55600,24-Aug-92
45,0,4.34,4.31,4.31,35200,25-Aug-92
46,0,4.38,4.31,4.38,81600,26-Aug-92
47,0,4.38,4.34,4.34,114800,27-Aug-92
48,0,4.44,4.34,4.38,24000,28-Aug-92
49,0,4.44,4.38,4.38,225600,31-Aug-92
50,0,4.5,4.38,4.5,132000,1-Sep-92
51,0,4.53,4.47,4.5,80800,2-Sep-92
52,0,4.56,4.47,4.53,296400,3-Sep-92
53,0,4.56,4.38,4.44,208800,4-Sep-92
54,0,4.47,4.41,4.41,27200,8-Sep-92
55,0,4.5,4.41,4.5,144400,9-Sep-92
56,0,4.62,4.47,4.59,236400,10-Sep-92
57,0,4.62,4.5,4.59,175600,11-Sep-92
58,0,4.59,4.53,4.53,266400,14-Sep-92
59,0,4.53,4.41,4.41,44000,15-Sep-92
60,0,4.44,4.38,4.44,164800,16-Sep-92
61,0,4.47,4.34,4.47,380400,17-Sep-92
62,0,4.47,4.41,4.44,78000,18-Sep-92
63,0,4.44,4.34,4.41,197200,21-Sep-92
64,0,4.41,4.34,4.41,170800,22-Sep-92
65,0,4.41,4.34,4.41,65600,23-Sep-92
66,0,4.47,4.44,4.44,53600,24-Sep-92
67,0,4.47,4.41,4.41,15600,25-Sep-92
68,0,4.44,4.41,4.44,66000,28-Sep-92
69,0,4.44,4.38,4.38,40800,29-Sep-92
70,0,4.41,4.31,4.34,154000,30-Sep-92
71,0,4.31,4.22,4.25,91600,1-Oct-92
72,0,4.25,4.19,4.25,268400,2-Oct-92
73,0,4.22,4.09,4.16,241600,5-Oct-92
74,0,4.12,4.03,4.09,88000,6-Oct-92
75,0,4.09,3.97,4.03,364800,7-Oct-92
76,0,4.06,3.94,3.97,111200,8-Oct-92
77,0,4,3.75,3.81,275200,9-Oct-92
78,0,3.81,3.72,3.78,312000,12-Oct-92
79,0,3.94,3.78,3.94,372400,13-Oct-92
80,0,3.97,3.91,3.94,139600,14-Oct-92
81,0,3.94,3.81,3.84,220000,15-Oct-92
82,0,3.84,3.69,3.72,288400,16-Oct-92
83,0,3.84,3.72,3.84,296000,19-Oct-92
84,0,3.94,3.84,3.91,208400,20-Oct-92
85,0,3.91,3.84,3.88,193600,21-Oct-92
86,0,4.09,3.91,4.09,188800,22-Oct-92
87,0,4.25,4.09,4.19,334800,23-Oct-92
88,0,4.19,4.06,4.06,241200,26-Oct-92
89,0,4.16,4.03,4.03,118400,27-Oct-92
90,0,4.03,3.94,3.94,218800,28-Oct-92
91,0,4.09,3.94,4.06,160400,29-Oct-92
92,0,4.06,4,4.06,86000,30-Oct-92
93,0,4.19,4,4.16,678000,2-Nov-92
94,0,4.16,4.03,4.03,164800,3-Nov-92
95,0,4.12,4.06,4.12,49600,4-Nov-92
96,0,4.31,4.12,4.31,363600,5-Nov-92
97,0,4.38,4.22,4.31,182800,6-Nov-92
98,0,4.34,4.28,4.31,250800,9-Nov-92
99,0,4.41,4.31,4.38,144000,10-Nov-92
100,0,4.41,4.31,4.34,181200,11-Nov-92
101,0,4.41,4.31,4.31,128000,12-Nov-92
102,0,4.34,4.25,4.25,54000,13-Nov-92
103,0,4.19,4.12,4.16,234400,16-Nov-92
104,0,4.19,4.03,4.06,184800,17-Nov-92
105,0,4.12,4.06,4.11,130800,18-Nov-92
106,0,4.12,4.03,4.09,50800,19-Nov-92
107,0,4.06,4,4.03,160400,20-Nov-92
108,0,4.03,4,4,48400,23-Nov-92
109,0,4,3.94,3.97,298400,24-Nov-92
110,0,4.09,3.94,4.09,482800,25-Nov-92
111,0,4.19,4.09,4.16,252000,27-Nov-92
112,0,4.19,4.12,4.19,303600,30-Nov-92
113,0,4.22,4.16,4.22,177200,1-Dec-92
114,0,4.22,4.03,4.12,306000,2-Dec-92
115,0,4.19,4.09,4.19,283600,3-Dec-92
116,0,4.22,4.16,4.22,88400,4-Dec-92
117,0,4.22,4.09,4.12,155200,7-Dec-92
118,0,4.09,4,4.09,66400,8-Dec-92
119,0,4.12,4.03,4.06,90400,9-Dec-92
120,0,4.16,4.09,4.16,88000,10-Dec-92
121,0,4.16,4.06,4.06,34800,11-Dec-92
122,0,4.09,4,4,69600,14-Dec-92
123,0,3.97,3.88,3.97,157200,15-Dec-92
124,0,3.97,3.78,3.88,179600,16-Dec-92
125,0,3.97,3.84,3.97,126400,17-Dec-92
126,0,4.12,3.97,4.09,192400,18-Dec-92
127,0,4.16,3.97,3.97,127600,21-Dec-92
128,0,4,3.97,4,60800,22-Dec-92
129,0,4.03,3.97,3.97,68000,23-Dec-92
130,0,4,3.97,3.97,22000,24-Dec-92
131,0,4,3.88,4,134000,28-Dec-92
132,0,4.12,3.97,4.09,142000,29-Dec-92
133,0,4.09,4,4.06,216400,30-Dec-92
134,0,4.19,4.09,4.12,162800,31-Dec-92
135,0,4.28,4.19,4.19,378400,4-Jan-93
136,0,4.34,4.16,4.25,358800,5-Jan-93
137,0,4.31,4.25,4.28,432000,6-Jan-93
138,0,4.41,4.19,4.31,510400,7-Jan-93
139,0,4.31,4.22,4.28,739200,8-Jan-93
140,0,4.38,4.34,4.34,107200,11-Jan-93
141,0,4.53,4.34,4.5,410000,12-Jan-93
142,0,4.38,4.28,4.34,206400,13-Jan-93
143,0,4.41,4.31,4.34,175200,14-Jan-93
144,0,4.38,4.22,4.28,236000,15-Jan-93
145,0,4.31,4.25,4.28,122000,18-Jan-93
146,0,4.31,4.25,4.28,404400,19-Jan-93
147,0,4.31,4.22,4.25,252000,20-Jan-93
148,0,4.28,4.22,4.25,204400,21-Jan-93
149,0,4.28,4.25,4.28,112400,22-Jan-93
150,0,4.31,4.09,4.31,327600,25-Jan-93
151,0,4.31,4.28,4.31,129600,26-Jan-93
152,0,4.28,4.16,4.22,315600,27-Jan-93
153,0,4.22,4.12,4.16,205600,28-Jan-93
154,0,4.22,4.16,4.19,90000,29-Jan-93
155,0,4.22,4.16,4.19,204800,1-Feb-93
156,0,4.19,4.16,4.16,102000,2-Feb-93
157,0,4.25,4.19,4.22,131600,3-Feb-93
158,0,4.38,4.25,4.38,210400,4-Feb-93
159,0,4.44,4.38,4.38,136000,5-Feb-93
160,0,4.38,4.31,4.34,84400,8-Feb-93
161,0,4.38,4.31,4.34,81600,9-Feb-93
162,0,4.38,4.28,4.28,63600,10-Feb-93
163,0,4.31,4.19,4.19,71600,11-Feb-93
164,0,4.25,4.16,4.25,78000,12-Feb-93
165,0,4.25,4.12,4.16,143200,16-Feb-93
166,0,4.16,4.09,4.12,102000,17-Feb-93
167,0,4.16,4.06,4.09,48400,18-Feb-93
168,0,4.09,3.94,4,85200,19-Feb-93
169,0,4,3.91,3.94,78400,22-Feb-93
170,0,4,3.94,3.97,100800,23-Feb-93
171,0,4,3.91,4,73200,24-Feb-93
172,0,4.16,3.97,4.09,622400,25-Feb-93
173,0,4.16,4.06,4.12,118000,26-Feb-93
174,0,4.16,4.03,4.06,84400,1-Mar-93
175,0,4.09,4.03,4.06,86800,2-Mar-93
176,0,4.19,4.12,4.19,133200,3-Mar-93
177,0,4.19,4.12,4.16,136400,4-Mar-93
178,0,4.12,4.06,4.09,63200,5-Mar-93
179,0,4.09,4.06,4.06,58400,8-Mar-93
180,0,4.12,4.03,4.12,494800,9-Mar-93
181,0,4.25,4.16,4.22,285600,10-Mar-93
182,0,4.22,4.12,4.19,114800,11-Mar-93
183,0,4.16,4.09,4.16,141200,12-Mar-93
184,0,4.22,4.16,4.22,92800,15-Mar-93
185,0,4.25,4.19,4.25,44000,16-Mar-93
186,0,4.25,4.22,4.25,62000,17-Mar-93
187,0,4.25,4.19,4.25,84800,18-Mar-93
188,0,4.25,4.22,4.25,69200,19-Mar-93
189,0,4.22,4.19,4.19,47200,22-Mar-93
190,0,4.38,4.22,4.38,168800,23-Mar-93
191,0,4.38,4.25,4.25,66000,24-Mar-93
192,0,4.38,4.31,4.34,116400,25-Mar-93
193,0,4.34,4.31,4.34,60800,26-Mar-93
194,0,4.47,4.34,4.44,355200,29-Mar-93
195,0,4.44,4.38,4.38,283200,30-Mar-93
196,0,4.41,4.25,4.28,545200,31-Mar-93
197,0,4.31,4.22,4.22,415600,1-Apr-93
198,0,4.19,4,4.03,447600,2-Apr-93
199,0,4.12,4.06,4.12,146800,5-Apr-93
200,0,4.28,4.12,4.28,161200,6-Apr-93
201,0,4.47,4.25,4.41,318000,7-Apr-93
202,0,4.47,4.31,4.34,268400,8-Apr-93
203,0,4.38,4.34,4.34,128800,12-Apr-93
204,0,4.44,4.31,4.44,164000,13-Apr-93
205,0,4.44,4.38,4.41,178400,14-Apr-93
206,0,4.38,4.25,4.31,366000,15-Apr-93
207,0,4.34,4.28,4.31,107200,16-Apr-93
208,0,4.31,4.12,4.12,255200,19-Apr-93
209,0,4.19,4,4,1316000,20-Apr-93
210,0,4.34,4,4.28,656400,21-Apr-93
211,0,4.31,4.22,4.25,300800,22-Apr-93
212,0,4.28,4.22,4.28,201200,23-Apr-93
213,0,4.31,4.16,4.16,254800,26-Apr-93
214,0,4.25,4.16,4.22,234400,27-Apr-93
215,0,4.25,4.16,4.16,48800,28-Apr-93
216,0,4.19,4.09,4.16,124400,29-Apr-93
217,0,4.16,4.12,4.16,136000,30-Apr-93
218,0,4.31,4.16,4.28,267600,3-May-93
219,0,4.31,4.12,4.19,89600,4-May-93
220,0,4.22,4.16,4.19,252800,5-May-93
221,0,4.22,4.16,4.22,101200,6-May-93
222,0,4.22,4.16,4.19,164800,7-May-93
223,0,4.19,4.09,4.12,86000,10-May-93
224,0,4.12,4,4.06,324800,11-May-93
225,0,4.16,4.03,4.16,174400,12-May-93
226,0,4.16,4.12,4.12,44000,13-May-93
227,0,4.16,4.06,4.06,98000,14-May-93
228,0,4,3.94,4,406400,17-May-93
229,0,4.09,4,4.03,103600,18-May-93
230,0,4.16,4.03,4.16,228800,19-May-93
231,0,4.22,4.19,4.22,81600,20-May-93
232,0,4.22,4.16,4.19,71200,21-May-93
233,0,4.22,4.12,4.16,89600,24-May-93
234,0,4.22,4.12,4.16,136400,25-May-93
235,0,4.12,4.06,4.06,172800,26-May-93
236,0,4.06,3.94,4,229200,27-May-93
237,0,4.03,3.94,4.03,152400,28-May-93
238,0,4.06,4,4.03,377200,1-Jun-93
239,0,4.06,3.97,4.06,240400,2-Jun-93
240,0,4.12,4,4.12,149600,3-Jun-93
241,0,4.16,4.12,4.16,521600,4-Jun-93
242,0,4.19,4.09,4.19,146000,7-Jun-93
243,0,4.19,4.12,4.19,143600,8-Jun-93
244,0,4.19,4.12,4.16,450400,9-Jun-93
245,0,4.22,4.12,4.16,284800,10-Jun-93
246,0,4.12,3.97,4,426800,11-Jun-93
247,0,4,3.94,3.94,251600,14-Jun-93
248,0,4,3.94,4,369600,15-Jun-93
249,0,4.03,3.91,3.97,136800,16-Jun-93
250,0,3.94,3.75,3.78,256400,17-Jun-93
251,0,3.88,3.69,3.72,663600,18-Jun-93
252,0,3.78,3.69,3.69,240800,21-Jun-93
253,0,3.72,3.56,3.56,303600,22-Jun-93
254,0,3.69,3.56,3.66,290000,23-Jun-93
255,0,3.78,3.66,3.75,136800,24-Jun-93
256,0,3.75,3.72,3.72,135600,25-Jun-93
257,0,3.78,3.72,3.75,448800,28-Jun-93
258,0,3.78,3.72,3.75,294400,29-Jun-93
259,0,3.75,3.69,3.75,112800,30-Jun-93
260,0,3.75,3.72,3.75,128400,1-Jul-93
261,0,3.78,3.72,3.75,175200,2-Jul-93
262,0,3.75,3.69,3.72,134800,6-Jul-93
263,0,3.72,3.69,3.72,93600,7-Jul-93
264,0,3.69,3.66,3.69,136000,8-Jul-93
265,0,3.66,3.5,3.53,598400,9-Jul-93
266,0,3.53,3.44,3.44,210800,12-Jul-93
267,0,3.47,3.25,3.34,1299200,13-Jul-93
268,0,3.34,3.22,3.22,1052800,14-Jul-93
269,0,3.31,3.25,3.25,610800,15-Jul-93
270,0,3.31,3.25,3.25,539600,16-Jul-93
271,0,3.28,3.22,3.25,268800,19-Jul-93
272,0,3.25,3.16,3.16,377600,20-Jul-93
273,0,3.31,3.19,3.25,872800,21-Jul-93
274,0,3.44,3.28,3.34,313600,22-Jul-93
275,0,3.38,3.25,3.25,612000,23-Jul-93
276,0,3.28,3.16,3.16,326400,26-Jul-93
277,0,3.25,3.12,3.22,587200,27-Jul-93
278,0,3.25,3.19,3.22,378800,28-Jul-93
279,0,3.22,3.19,3.19,268800,29-Jul-93
280,0,3.25,3.12,3.19,250800,30-Jul-93
281,0,3.22,3.16,3.22,150800,2-Aug-93
282,0,3.22,3.16,3.19,219200,3-Aug-93
283,0,3.25,3.16,3.19,269200,4-Aug-93
284,0,3.25,3.19,3.19,132000,5-Aug-93
285,0,3.22,3.16,3.19,151600,6-Aug-93
286,0,3.19,3.09,3.12,170800,9-Aug-93
287,0,3.12,3.06,3.12,303200,10-Aug-93
288,0,3.12,3.06,3.09,206000,11-Aug-93
289,0,3.12,3.06,3.12,132800,12-Aug-93
290,0,3.16,3.09,3.16,162400,13-Aug-93
291,0,3.16,3.09,3.12,143600,16-Aug-93
292,0,3.25,3.09,3.25,163600,17-Aug-93
293,0,3.25,3.19,3.22,167200,18-Aug-93
294,0,3.31,3.22,3.22,140800,19-Aug-93
295,0,3.25,3.22,3.25,150800,20-Aug-93
296,0,3.25,3.22,3.25,80400,23-Aug-93
297,0,3.28,3.22,3.25,147600,24-Aug-93
298,0,3.28,3.22,3.25,754000,25-Aug-93
299,0,3.25,3.22,3.22,160000,26-Aug-93
300,0,3.25,3.19,3.22,83600,27-Aug-93
301,0,3.28,3.22,3.25,310000,30-Aug-93
302,0,3.28,3.22,3.28,102800,31-Aug-93
303,0,3.31,3.25,3.28,182400,1-Sep-93
304,0,3.28,3.25,3.25,167600,2-Sep-93
305,0,3.34,3.25,3.31,180400,3-Sep-93
306,0,3.38,3.28,3.31,128400,7-Sep-93
307,0,3.31,3.22,3.25,97600,8-Sep-93
308,0,3.25,3.22,3.22,40000,9-Sep-93
309,0,3.41,3.34,3.38,694800,10-Sep-93
310,0,3.41,3.31,3.31,283200,13-Sep-93
311,0,3.34,3.31,3.34,126400,14-Sep-93
312,0,3.34,3.22,3.28,228000,15-Sep-93
313,0,3.31,3.25,3.25,43600,16-Sep-93
314,0,3.31,3.25,3.31,91200,17-Sep-93
315,0,3.31,3.19,3.22,274000,20-Sep-93
316,0,3.25,3.12,3.19,117600,21-Sep-93
317,0,3.19,3.16,3.19,90000,22-Sep-93
318,0,3.19,3.16,3.19,104800,23-Sep-93
319,0,3.19,3.12,3.19,106800,24-Sep-93
320,0,3.22,3.09,3.22,127200,27-Sep-93
321,0,3.22,3.19,3.22,44000,28-Sep-93
322,0,3.22,3.19,3.22,224400,29-Sep-93
323,0,3.22,3.19,3.19,82000,30-Sep-93
324,0,3.19,3.16,3.19,120400,1-Oct-93
325,0,3.19,3.12,3.12,162000,4-Oct-93
326,0,3.22,3.16,3.19,102800,5-Oct-93
327,0,3.28,3.19,3.22,137600,6-Oct-93
328,0,3.28,3.22,3.25,68800,7-Oct-93
329,0,3.25,3.22,3.22,108400,8-Oct-93
330,0,3.28,3.22,3.28,88400,11-Oct-93
331,0,3.31,3.25,3.31,245600,12-Oct-93
332,0,3.41,3.28,3.41,243200,13-Oct-93
333,0,3.44,3.38,3.44,149200,14-Oct-93
334,0,3.5,3.44,3.47,157200,15-Oct-93
335,0,3.56,3.47,3.53,111200,18-Oct-93
336,0,3.53,3.5,3.53,170800,19-Oct-93
337,0,3.59,3.5,3.53,160400,20-Oct-93
338,0,3.59,3.53,3.56,202800,21-Oct-93
339,0,3.59,3.56,3.59,209600,22-Oct-93
340,0,3.59,3.56,3.59,66800,25-Oct-93
341,0,3.66,3.59,3.66,206000,26-Oct-93
342,0,3.84,3.66,3.81,358800,27-Oct-93
343,0,4.06,3.81,4,576000,28-Oct-93
344,0,4.06,3.97,4,319200,29-Oct-93
345,0,4,3.94,3.97,537600,1-Nov-93
346,0,4,3.94,4,268400,2-Nov-93
347,0,4.03,3.97,3.97,170400,3-Nov-93
348,0,4,3.91,3.91,50000,4-Nov-93
349,0,3.91,3.81,3.88,93200,5-Nov-93
350,0,3.94,3.84,3.91,80000,8-Nov-93
351,0,3.94,3.91,3.94,110800,9-Nov-93
352,0,4.03,3.94,4.03,178800,10-Nov-93
353,0,4.34,4.22,4.25,851600,11-Nov-93
354,0,4.31,4.16,4.16,337600,12-Nov-93
355,0,4.22,4.16,4.19,298800,15-Nov-93
356,0,4.19,4.16,4.19,200400,16-Nov-93
357,0,4.22,4.12,4.12,44800,17-Nov-93
358,0,4.16,4.03,4.09,145600,18-Nov-93
359,0,4.09,4.03,4.03,42000,19-Nov-93
360,0,4.09,4,4,104000,22-Nov-93
361,0,4,3.88,3.94,123600,23-Nov-93
362,0,4,3.94,4,148400,24-Nov-93
363,0,4.03,4,4.03,29200,26-Nov-93
364,0,4.16,4.03,4.09,168800,29-Nov-93
365,0,4.09,4.03,4.06,77200,30-Nov-93
366,0,4.09,4.03,4.09,36400,1-Dec-93
367,0,4.12,4.06,4.09,102000,2-Dec-93
368,0,4.12,4.09,4.12,77200,3-Dec-93
369,0,4.16,4.03,4.03,114000,6-Dec-93
370,0,4.22,4.06,4.22,164400,7-Dec-93
371,0,4.22,4.06,4.09,85200,8-Dec-93
372,0,4.12,4,4,118000,9-Dec-93
373,0,4.03,3.97,4.03,162800,10-Dec-93
374,0,4,3.62,3.72,2547200,13-Dec-93
375,0,3.72,3.59,3.62,610800,14-Dec-93
376,0,3.66,3.53,3.59,641600,15-Dec-93
377,0,3.62,3.5,3.59,534400,16-Dec-93
378,0,3.66,3.59,3.66,643600,17-Dec-93
379,0,3.66,3.56,3.56,269200,20-Dec-93
380,0,3.62,3.56,3.59,817200,21-Dec-93
381,0,3.62,3.56,3.56,583200,22-Dec-93
382,0,3.56,3.5,3.53,86000,23-Dec-93
383,0,3.53,3.44,3.5,180000,27-Dec-93
384,0,3.56,3.47,3.47,166400,28-Dec-93
385,0,3.56,3.5,3.53,183200,29-Dec-93
386,0,3.56,3.5,3.56,283200,30-Dec-93
387,0,3.56,3.5,3.53,263200,31-Dec-93
388,0,3.56,3.53,3.53,56000,3-Jan-94
389,0,3.56,3.47,3.5,368400,4-Jan-94
390,0,3.69,3.5,3.69,733200,5-Jan-94
391,0,3.72,3.62,3.66,1261600,6-Jan-94
392,0,3.66,3.56,3.62,180000,7-Jan-94
393,0,3.69,3.62,3.66,285200,10-Jan-94
394,0,3.72,3.66,3.72,313600,11-Jan-94
395,0,3.78,3.72,3.75,743600,12-Jan-94
396,0,3.81,3.72,3.81,508000,13-Jan-94
397,0,4,3.84,3.97,1180800,14-Jan-94
398,0,4.09,3.97,4.03,469600,17-Jan-94
399,0,4,3.97,3.97,204000,18-Jan-94
400,0,4.03,3.94,3.97,456400,19-Jan-94
401,0,4.03,3.97,4,215600,20-Jan-94
402,0,4.06,4,4.03,436400,21-Jan-94
403,0,4.16,4,4.09,569600,24-Jan-94
404,0,4.16,4.09,4.16,399600,25-Jan-94
405,0,4.19,4.12,4.19,438800,26-Jan-94
406,0,4.47,4.03,4.47,1212000,27-Jan-94
407,0,4.56,4.34,4.41,722400,28-Jan-94
408,0,4.44,4.38,4.38,447200,31-Jan-94
409,0,4.47,4.38,4.41,493600,1-Feb-94
410,0,4.66,4.41,4.56,664400,2-Feb-94
411,0,4.72,4.53,4.66,1800000,3-Feb-94
412,0,4.66,4.41,4.41,672800,4-Feb-94
413,0,4.5,4.34,4.47,333600,7-Feb-94
414,0,4.59,4.5,4.53,334000,8-Feb-94
415,0,4.53,4.47,4.5,565600,9-Feb-94
416,0,4.53,4.47,4.5,203600,10-Feb-94
417,0,4.5,4.38,4.41,192800,11-Feb-94
418,0,4.53,4.41,4.53,419200,14-Feb-94
419,0,4.69,4.22,4.31,1860400,15-Feb-94
420,0,4.34,4.09,4.25,2392000,16-Feb-94
421,0,4.5,4.25,4.44,1628400,17-Feb-94
422,0,4.44,4.38,4.41,289200,18-Feb-94
423,0,4.41,4.34,4.34,1088000,22-Feb-94
424,0,4.38,4.34,4.38,234400,23-Feb-94
425,0,4.38,4.25,4.28,342000,24-Feb-94
426,0,4.28,4.25,4.28,179200,25-Feb-94
427,0,4.31,4.25,4.31,376800,28-Feb-94
428,0,4.31,4.16,4.19,280800,1-Mar-94
429,0,4.19,3.97,4.16,680000,2-Mar-94
430,0,4.16,4.12,4.16,258000,3-Mar-94
431,0,4.16,4.06,4.09,78400,4-Mar-94
432,0,4.12,4.06,4.12,574800,7-Mar-94
433,0,4.16,4.06,4.09,958000,8-Mar-94
434,0,4.22,4.09,4.22,353600,9-Mar-94
435,0,4.25,4.12,4.16,536400,10-Mar-94
436,0,4.25,4.12,4.22,456800,11-Mar-94
437,0,4.22,4.12,4.12,526800,14-Mar-94
438,0,4.16,4.09,4.12,340800,15-Mar-94
439,0,4.25,4.09,4.25,406000,16-Mar-94
440,0,4.25,4.16,4.22,473600,17-Mar-94
441,0,4.25,4.12,4.12,585600,18-Mar-94
442,0,4.12,4.09,4.09,81600,21-Mar-94
443,0,4.19,4.06,4.16,604800,22-Mar-94
444,0,4.19,4.12,4.12,431600,23-Mar-94
445,0,4.12,4.06,4.06,140000,24-Mar-94
446,0,4.06,3.91,3.97,493600,25-Mar-94
447,0,3.94,3.88,3.91,323200,28-Mar-94
448,0,3.94,3.72,3.91,699200,29-Mar-94
449,0,3.97,3.69,3.75,316800,30-Mar-94
450,0,3.78,3.41,3.66,944400,31-Mar-94
451,0,3.66,3.5,3.66,376000,4-Apr-94
452,0,4,3.75,3.88,723200,5-Apr-94
453,0,3.91,3.84,3.91,178800,6-Apr-94
454,0,3.88,3.72,3.81,822400,7-Apr-94
455,0,3.97,3.88,3.91,930000,8-Apr-94
456,0,3.91,3.88,3.88,195600,11-Apr-94
457,0,3.97,3.88,3.91,319600,12-Apr-94
458,0,3.94,3.91,3.94,507200,13-Apr-94
459,0,3.94,3.81,3.81,178000,14-Apr-94
460,0,3.84,3.75,3.78,98000,15-Apr-94
461,0,3.78,3.72,3.75,32000,18-Apr-94
462,0,3.75,3.53,3.56,538000,19-Apr-94
463,0,3.62,3.44,3.5,291600,20-Apr-94
464,0,3.75,3.53,3.75,241600,21-Apr-94
465,0,3.75,3.72,3.75,298000,22-Apr-94
466,0,3.72,3.66,3.69,346400,25-Apr-94
467,0,3.72,3.62,3.72,157600,26-Apr-94
468,0,3.91,3.69,3.91,579200,28-Apr-94
469,0,3.97,3.84,3.91,633200,29-Apr-94
470,0,4.03,3.84,4,214400,2-May-94
471,0,4,3.88,3.91,133200,3-May-94
472,0,3.97,3.88,3.91,200800,4-May-94
473,0,4,3.91,4,291600,5-May-94
474,0,3.97,3.81,3.91,429200,6-May-94
475,0,3.91,3.78,3.78,78400,9-May-94
476,0,3.84,3.81,3.81,124400,10-May-94
477,0,3.88,3.81,3.81,79200,11-May-94
478,0,3.88,3.81,3.84,141200,12-May-94
479,0,3.84,3.78,3.78,241200,13-May-94
480,0,3.84,3.75,3.81,44400,16-May-94
481,0,3.84,3.81,3.84,78400,17-May-94
482,0,3.97,3.91,3.91,405200,18-May-94
483,0,3.97,3.94,3.97,398800,19-May-94
484,0,4,3.94,3.97,274400,20-May-94
485,0,3.97,3.94,3.97,104400,23-May-94
486,0,3.97,3.94,3.94,32400,24-May-94
487,0,3.94,3.91,3.94,44000,25-May-94
488,0,3.94,3.91,3.94,195600,26-May-94
489,0,3.94,3.91,3.94,80800,27-May-94
490,0,3.94,3.91,3.94,69600,31-May-94
491,0,3.94,3.88,3.91,73600,1-Jun-94
492,0,3.91,3.84,3.84,138800,2-Jun-94
493,0,3.88,3.81,3.84,363600,3-Jun-94
494,0,3.84,3.78,3.78,189200,6-Jun-94
495,0,3.81,3.62,3.69,269600,7-Jun-94
496,0,3.75,3.62,3.75,276400,8-Jun-94
497,0,3.75,3.69,3.72,112800,9-Jun-94
498,0,3.78,3.69,3.78,402400,10-Jun-94
499,0,3.84,3.78,3.81,244400,13-Jun-94
500,0,3.81,3.78,3.78,167600,14-Jun-94
501,0,3.81,3.78,3.81,105200,15-Jun-94
502,0,3.97,3.78,3.94,822800,16-Jun-94
503,0,4,3.88,3.91,545600,17-Jun-94
504,0,3.88,3.81,3.81,153200,20-Jun-94
505,0,3.84,3.81,3.84,112400,21-Jun-94
506,0,3.94,3.84,3.91,745600,22-Jun-94
507,0,3.91,3.81,3.84,172000,23-Jun-94
508,0,3.84,3.75,3.78,272000,24-Jun-94
509,0,4,3.72,4,592800,27-Jun-94
510,0,3.88,3.75,3.81,777600,28-Jun-94
511,0,3.84,3.75,3.81,656800,29-Jun-94
512,0,3.94,3.69,3.94,511600,30-Jun-94
513,0,3.75,3.69,3.75,234400,1-Jul-94
514,0,3.75,3.7,3.72,219600,5-Jul-94
515,0,3.84,3.72,3.81,669200,6-Jul-94
516,0,3.84,3.81,3.84,194800,7-Jul-94
517,0,3.84,3.78,3.81,91600,8-Jul-94
518,0,3.81,3.72,3.75,176000,11-Jul-94
519,0,3.72,3.59,3.72,495600,12-Jul-94
520,0,3.72,3.62,3.69,298400,13-Jul-94
521,0,3.69,3.66,3.69,109600,14-Jul-94
522,0,3.88,3.69,3.81,1056400,15-Jul-94
523,0,3.81,3.75,3.78,568000,18-Jul-94
524,0,4.06,3.75,4,2642800,19-Jul-94
525,0,4.03,3.88,4,800000,20-Jul-94
526,0,3.94,3.84,3.84,168400,21-Jul-94
527,0,3.94,3.88,3.88,413600,22-Jul-94
528,0,3.91,3.88,3.91,130000,25-Jul-94
529,0,4.06,3.91,4.03,687200,26-Jul-94
530,0,4.06,3.97,4.06,456000,27-Jul-94
531,0,4.09,4.03,4.06,731600,28-Jul-94
532,0,4.12,4.03,4.06,394800,29-Jul-94
533,0,4.06,4,4.03,484000,1-Aug-94
534,0,4.06,3.97,4.06,624000,2-Aug-94
535,0,4.06,4.03,4.03,585200,3-Aug-94
536,0,4.12,4.03,4.12,664000,4-Aug-94
537,0,4.19,4.09,4.19,620400,5-Aug-94
538,0,4.19,4.09,4.12,517200,8-Aug-94
539,0,4.12,4.06,4.09,213200,9-Aug-94
540,0,4.09,4.03,4.09,734800,10-Aug-94
541,0,4.12,4.09,4.09,504400,11-Aug-94
542,0,4.16,4.09,4.16,503600,12-Aug-94
543,0,4.16,4.12,4.16,475200,15-Aug-94
544,0,4.16,4.09,4.12,627600,16-Aug-94
545,0,4.34,4.09,4.34,1137200,17-Aug-94
546,0,4.34,4.25,4.34,276800,18-Aug-94
547,0,4.34,4.28,4.28,306400,19-Aug-94
548,0,4.25,4.22,4.25,137200,22-Aug-94
549,0,4.28,4.22,4.25,245200,23-Aug-94
550,0,4.38,4.22,4.38,540400,24-Aug-94
551,0,4.41,4.34,4.38,529200,25-Aug-94
552,0,4.44,4.38,4.44,344800,26-Aug-94
553,0,4.47,4.38,4.38,155200,29-Aug-94
554,0,4.47,4.34,4.47,235600,30-Aug-94
555,0,4.47,4.41,4.44,182800,31-Aug-94
556,0,4.44,4.38,4.44,135200,1-Sep-94
557,0,4.44,4.38,4.41,75200,2-Sep-94
558,0,4.38,4.34,4.38,180000,6-Sep-94
559,0,4.38,4.28,4.28,379200,7-Sep-94
560,0,4.31,4.28,4.31,234800,8-Sep-94
561,0,4.31,4.25,4.31,237200,9-Sep-94
562,0,4.28,4.25,4.25,79600,12-Sep-94
563,0,4.28,4.16,4.19,722400,13-Sep-94
564,0,4.22,4.12,4.16,538800,14-Sep-94
565,0,4.22,4.12,4.22,182800,15-Sep-94
566,0,4.22,4.16,4.19,194400,16-Sep-94
567,0,4.19,4.12,4.12,248000,19-Sep-94
568,0,4.16,4.09,4.16,270000,20-Sep-94
569,0,4.16,3.97,4.06,299600,21-Sep-94
570,0,4.03,3.97,4,246800,22-Sep-94
571,0,4.03,3.94,4.03,220800,23-Sep-94
572,0,4.03,4,4.03,363600,26-Sep-94
573,0,4.16,4,4.16,531600,27-Sep-94
574,0,4.19,4.12,4.16,340000,28-Sep-94
575,0,4.16,4.12,4.16,396800,29-Sep-94
576,0,4.19,4.12,4.19,463200,30-Sep-94
577,0,4.16,4.09,4.12,253200,3-Oct-94
578,0,4.12,3.97,3.97,308400,4-Oct-94
579,0,3.91,3.69,3.75,1592800,5-Oct-94
580,0,3.75,3.69,3.72,669200,6-Oct-94
581,0,3.72,3.66,3.66,826000,7-Oct-94
582,0,3.69,3.66,3.69,268400,10-Oct-94
583,0,3.81,3.69,3.81,827600,11-Oct-94
584,0,3.81,3.72,3.75,232400,12-Oct-94
585,0,3.81,3.72,3.78,777600,13-Oct-94
586,0,3.84,3.78,3.81,121200,14-Oct-94
587,0,3.91,3.78,3.88,303600,17-Oct-94
588,0,3.97,3.88,3.97,696000,18-Oct-94
589,0,4.25,3.94,4.22,2030000,19-Oct-94
590,0,4.22,4.12,4.19,379600,20-Oct-94
591,0,4.22,4.12,4.22,414800,21-Oct-94
592,0,4.25,4.19,4.25,524000,24-Oct-94
593,0,4.25,4.22,4.22,303200,25-Oct-94
594,0,4.22,4.16,4.22,222400,26-Oct-94
595,0,4.38,4.19,4.38,608000,27-Oct-94
596,0,4.41,4.34,4.41,997600,28-Oct-94
597,0,4.44,4.34,4.34,370000,31-Oct-94
598,0,4.38,4.28,4.34,355200,1-Nov-94
599,0,4.34,4.28,4.31,491600,2-Nov-94
600,0,4.5,4.28,4.5,1465200,3-Nov-94
601,0,4.47,4.34,4.38,522800,4-Nov-94
602,0,4.34,4.19,4.19,548800,7-Nov-94
603,0,4.31,4.16,4.28,478800,8-Nov-94
604,0,4.31,4.19,4.28,397600,9-Nov-94
605,0,4.28,4.19,4.19,610800,10-Nov-94
606,0,4.19,4.16,4.19,718000,11-Nov-94
607,0,4.22,4.12,4.22,218400,14-Nov-94
608,0,4.25,4.19,4.22,169600,15-Nov-94
609,0,4.31,4.22,4.25,474400,16-Nov-94
610,0,4.28,4.12,4.12,279200,17-Nov-94
611,0,4.16,4.09,4.12,171200,18-Nov-94
612,0,4.19,4.09,4.09,772400,21-Nov-94
613,0,4.06,3.97,4,438000,22-Nov-94
614,0,4,3.94,4,383200,23-Nov-94
615,0,4.03,4,4.03,62400,25-Nov-94
616,0,4.03,3.97,4,68800,28-Nov-94
617,0,4.09,3.97,4.09,471200,29-Nov-94
618,0,4.12,4.06,4.09,155600,30-Nov-94
619,0,4.06,4,4.03,250000,1-Dec-94
620,0,4.09,4.03,4.09,218400,2-Dec-94
621,0,4.19,4.06,4.06,526800,5-Dec-94
622,0,4.09,3.94,4,585200,6-Dec-94
623,0,3.69,3.5,3.59,3248000,7-Dec-94
624,0,3.59,3.44,3.44,1309200,8-Dec-94
625,0,3.47,3.28,3.41,767600,9-Dec-94
626,0,3.38,3.31,3.38,326400,12-Dec-94
627,0,3.41,3.31,3.38,388000,13-Dec-94
628,0,3.44,3.31,3.44,728800,14-Dec-94
629,0,3.59,3.41,3.56,612400,15-Dec-94
630,0,3.56,3.5,3.56,368400,16-Dec-94
631,0,3.53,3.5,3.5,399200,19-Dec-94
632,0,3.53,3.47,3.47,400000,20-Dec-94
633,0,3.56,3.47,3.56,420800,21-Dec-94
634,0,3.56,3.5,3.53,544400,22-Dec-94
635,0,3.66,3.47,3.66,1016800,23-Dec-94
636,0,3.66,3.56,3.62,896000,27-Dec-94
637,0,3.59,3.53,3.59,572000,28-Dec-94
638,0,3.59,3.53,3.59,388400,29-Dec-94
639,0,3.75,3.53,3.75,545200,30-Dec-94
640,0,3.75,3.62,3.75,475200,3-Jan-95
641,0,3.75,3.69,3.69,423200,4-Jan-95
642,0,3.69,3.62,3.66,272800,5-Jan-95
643,0,3.69,3.62,3.66,254800,6-Jan-95
644,0,3.69,3.59,3.66,554800,9-Jan-95
645,0,3.81,3.66,3.72,1126400,10-Jan-95
646,0,3.75,3.69,3.75,529200,11-Jan-95
647,0,3.75,3.69,3.75,283600,12-Jan-95
648,0,3.75,3.69,3.75,171600,13-Jan-95
649,0,3.75,3.72,3.75,245600,16-Jan-95
650,0,3.84,3.75,3.78,310400,17-Jan-95
651,0,3.78,3.72,3.78,549200,18-Jan-95
652,0,3.81,3.72,3.75,236800,19-Jan-95
653,0,3.88,3.78,3.88,1820000,20-Jan-95
654,0,3.97,3.81,3.97,966800,23-Jan-95
655,0,4.06,3.94,4.06,652800,24-Jan-95
656,0,4.19,4.03,4.19,846000,25-Jan-95
657,0,4.16,4.03,4.03,357200,26-Jan-95
658,0,4.16,4.03,4.16,314400,27-Jan-95
659,0,3.91,3.81,3.84,577600,30-Jan-95
660,0,3.78,3.69,3.72,501200,31-Jan-95
661,0,3.75,3.62,3.69,541600,1-Feb-95
662,0,3.72,3.66,3.69,272800,2-Feb-95
663,0,3.81,3.69,3.81,575200,3-Feb-95
664,0,3.81,3.75,3.78,369600,6-Feb-95
665,0,3.84,3.72,3.75,734400,7-Feb-95
666,0,3.78,3.69,3.69,813200,8-Feb-95
667,0,3.72,3.66,3.66,241600,9-Feb-95
668,0,3.83,3.59,3.81,1013600,10-Feb-95
669,0,3.94,3.81,3.84,539200,13-Feb-95
670,0,3.88,3.84,3.88,204800,14-Feb-95
671,0,3.91,3.81,3.84,350800,15-Feb-95
672,0,3.81,3.72,3.72,225200,16-Feb-95
673,0,3.75,3.72,3.72,219600,17-Feb-95
674,0,3.75,3.69,3.72,532400,21-Feb-95
675,0,3.72,3.69,3.69,83600,22-Feb-95
676,0,3.78,3.69,3.75,267200,23-Feb-95
677,0,3.78,3.75,3.75,226800,24-Feb-95
678,0,3.78,3.72,3.78,213600,27-Feb-95
679,0,3.84,3.75,3.84,345600,28-Feb-95
680,0,3.84,3.78,3.78,279600,1-Mar-95
681,0,3.78,3.69,3.69,134400,2-Mar-95
682,0,3.72,3.69,3.69,72400,3-Mar-95
683,0,3.69,3.59,3.59,233600,6-Mar-95
684,0,3.59,3.47,3.47,1073600,7-Mar-95
685,0,3.47,3.44,3.47,518400,8-Mar-95
686,0,3.5,3.41,3.44,218000,9-Mar-95
687,0,3.47,3.38,3.47,678800,10-Mar-95
688,0,3.47,3.44,3.44,107200,13-Mar-95
689,0,3.53,3.41,3.5,432000,14-Mar-95
690,0,3.53,3.44,3.5,334800,15-Mar-95
691,0,3.5,3.44,3.5,208000,16-Mar-95
692,0,3.5,3.41,3.44,1450000,17-Mar-95
693,0,3.69,3.41,3.69,1866400,20-Mar-95
694,0,3.69,3.5,3.5,425600,21-Mar-95
695,0,3.59,3.5,3.59,348000,22-Mar-95
696,0,3.62,3.56,3.56,350800,23-Mar-95
697,0,3.69,3.59,3.69,1123600,24-Mar-95
698,0,3.94,3.66,3.94,1812400,27-Mar-95
699,0,4.03,3.88,4,1515600,28-Mar-95
700,0,4,3.91,3.94,618400,29-Mar-95
701,0,4,3.91,4,779200,30-Mar-95
702,0,3.97,3.94,3.97,293200,31-Mar-95
703,0,3.94,3.91,3.91,435200,3-Apr-95
704,0,4.03,3.91,4,588400,4-Apr-95
705,0,4,3.94,3.97,484400,5-Apr-95
706,0,3.97,3.91,3.97,294000,6-Apr-95
707,0,4.16,3.97,4.09,1372000,7-Apr-95
708,0,4.09,4,4.03,652000,10-Apr-95
709,0,4.03,3.84,3.84,460800,11-Apr-95
710,0,3.81,3.75,3.75,380800,12-Apr-95
711,0,3.78,3.75,3.78,239600,13-Apr-95
712,0,3.81,3.62,3.75,1016000,17-Apr-95
713,0,3.75,3.66,3.72,410000,18-Apr-95
714,0,3.88,3.69,3.84,680800,19-Apr-95
715,0,4.06,3.81,4,976400,20-Apr-95
716,0,4.09,3.97,4.03,401200,21-Apr-95
717,0,4.12,4.03,4.06,649200,24-Apr-95
718,0,4.06,4,4.03,442000,25-Apr-95
719,0,4.16,4.03,4.09,631200,26-Apr-95
720,0,4.19,4.06,4.16,820400,27-Apr-95
721,0,4.31,4.16,4.28,654000,28-Apr-95
722,0,4.28,4.19,4.19,207600,1-May-95
723,0,4.22,4.19,4.19,464400,2-May-95
724,0,4.25,4.19,4.25,922800,3-May-95
725,0,4.25,4.22,4.22,607600,4-May-95
726,0,4.22,4.12,4.16,607600,5-May-95
727,0,4.19,4.16,4.16,85200,8-May-95
728,0,4.19,4.12,4.16,118800,9-May-95
729,0,4.16,4.09,4.12,869200,10-May-95
730,0,4.16,4.09,4.12,106000,11-May-95
731,0,4.19,4.09,4.16,266800,12-May-95
732,0,4.16,4.09,4.09,579600,15-May-95
733,0,4.19,4.09,4.19,249200,16-May-95
734,0,4.19,4.09,4.09,196400,17-May-95
735,0,4.16,4.09,4.16,520800,18-May-95
736,0,4.16,4.09,4.09,374000,19-May-95
737,0,4.16,4.09,4.09,222400,22-May-95
738,0,4.16,4.12,4.16,427600,23-May-95
739,0,4.12,4.06,4.09,415200,24-May-95
740,0,4.09,4.06,4.06,18800,25-May-95
741,0,4.09,4.06,4.09,53200,26-May-95
742,0,4.09,4.06,4.06,22400,30-May-95
743,0,4.16,4.06,4.16,136400,31-May-95
744,0,4.19,4.12,4.12,123600,1-Jun-95
745,0,4.16,3.97,4,562800,2-Jun-95
746,0,4,3.94,3.97,425600,5-Jun-95
747,0,4,3.97,4,216000,6-Jun-95
748,0,4.12,4.03,4.12,274400,7-Jun-95
749,0,4.12,4.03,4.03,127600,8-Jun-95
750,0,4.09,4.03,4.09,246400,9-Jun-95
751,0,4.09,4.06,4.09,236800,12-Jun-95
752,0,4.28,4.09,4.25,922000,13-Jun-95
753,0,4.25,4.19,4.22,313600,14-Jun-95
754,0,4.38,4.22,4.34,672000,15-Jun-95
755,0,4.38,4.28,4.34,335200,16-Jun-95
756,0,4.41,4.31,4.38,564800,19-Jun-95
757,0,4.41,4.34,4.41,1625200,20-Jun-95
758,0,4.41,4.34,4.41,2169200,21-Jun-95
759,0,4.59,4.41,4.59,6290400,22-Jun-95
760,0,4.59,4.53,4.56,925600,23-Jun-95
761,0,4.59,4.5,4.5,617600,26-Jun-95
762,0,4.5,4.47,4.5,529600,27-Jun-95
763,0,4.47,4.44,4.47,1011200,28-Jun-95
764,0,4.47,4.41,4.47,798800,29-Jun-95
765,0,4.59,4.44,4.56,338000,30-Jun-95
766,0,4.59,4.56,4.56,96400,3-Jul-95
767,0,4.69,4.56,4.69,620000,5-Jul-95
768,0,4.78,4.69,4.72,881200,6-Jul-95
769,0,4.75,4.69,4.72,520400,7-Jul-95
770,0,4.84,4.72,4.81,907200,10-Jul-95
771,0,4.84,4.72,4.75,756400,11-Jul-95
772,0,4.75,4.66,4.72,717200,12-Jul-95
773,0,4.97,4.69,4.91,1018800,13-Jul-95
774,0,4.94,4.81,4.84,466000,14-Jul-95
775,0,4.88,4.84,4.84,230800,17-Jul-95
776,0,4.88,4.78,4.81,491200,18-Jul-95
777,0,4.78,4.59,4.62,1034000,19-Jul-95
778,0,4.72,4.59,4.72,670000,20-Jul-95
779,0,4.94,4.72,4.88,1420400,21-Jul-95
780,0,4.91,4.84,4.88,440000,24-Jul-95
781,0,5.03,4.84,5,1570000,25-Jul-95
782,0,5,4.91,4.94,445200,26-Jul-95
783,0,5,4.94,4.97,328000,27-Jul-95
784,0,5,4.91,4.91,440000,28-Jul-95
785,0,4.91,4.81,4.81,763200,31-Jul-95
786,0,4.84,4.75,4.78,147200,1-Aug-95
787,0,4.78,4.59,4.62,563200,2-Aug-95
788,0,4.75,4.56,4.75,1388400,3-Aug-95
789,0,4.78,4.72,4.78,76400,4-Aug-95
790,0,4.81,4.75,4.78,96400,7-Aug-95
791,0,4.78,4.75,4.75,513600,8-Aug-95
792,0,4.75,4.66,4.69,79600,9-Aug-95
793,0,4.69,4.5,4.56,814000,10-Aug-95
794,0,4.62,4.56,4.62,260800,11-Aug-95
795,0,4.66,4.56,4.59,258400,14-Aug-95
796,0,4.59,4.53,4.59,1135200,15-Aug-95
797,0,4.69,4.56,4.69,164000,16-Aug-95
798,0,4.78,4.66,4.75,265600,17-Aug-95
799,0,4.75,4.69,4.72,144400,18-Aug-95
800,0,4.97,4.84,4.97,912000,21-Aug-95
801,0,5,4.94,4.94,1076400,22-Aug-95
802,0,4.97,4.84,4.94,904400,23-Aug-95
803,0,4.94,4.88,4.94,289600,24-Aug-95
804,0,4.97,4.91,4.97,306800,25-Aug-95
805,0,4.97,4.84,4.94,1444400,28-Aug-95
806,0,5,4.91,4.97,1546800,29-Aug-95
807,0,4.97,4.91,4.94,268400,30-Aug-95
808,0,4.91,4.84,4.88,498400,31-Aug-95
809,0,4.91,4.84,4.91,46800,1-Sep-95
810,0,5,4.88,5,1394800,5-Sep-95
811,0,5.25,5,5.19,1193200,6-Sep-95
812,0,5.34,5.12,5.12,890800,7-Sep-95
813,0,5.16,4.97,4.97,1366000,8-Sep-95
814,0,4.56,4.31,4.31,3358800,11-Sep-95
815,0,4.38,4.19,4.22,2826400,12-Sep-95
816,0,4.31,4.22,4.25,2692800,13-Sep-95
817,0,4.28,4.12,4.19,2123600,14-Sep-95
818,0,4.19,4.12,4.12,800400,15-Sep-95
819,0,4.16,4.06,4.09,1140800,18-Sep-95
820,0,4.12,4.09,4.12,342400,19-Sep-95
821,0,4.12,4,4,913600,20-Sep-95
822,0,4,3.78,3.84,1415200,21-Sep-95
823,0,3.84,3.84,3.84,282400,22-Sep-95
824,0,3.94,3.81,3.88,1099200,25-Sep-95
825,0,3.88,3.78,3.81,785200,26-Sep-95
826,0,3.81,3.5,3.75,1560400,27-Sep-95
827,0,3.88,3.69,3.88,1711600,28-Sep-95
828,0,3.94,3.84,3.94,932000,29-Sep-95
829,0,3.91,3.81,3.84,290800,2-Oct-95
830,0,4.06,3.88,3.91,1911600,3-Oct-95
831,0,3.91,3.88,3.88,124400,4-Oct-95
832,0,3.91,3.81,3.88,482400,5-Oct-95
833,0,3.91,3.84,3.88,216800,6-Oct-95
834,0,3.88,3.72,3.75,406000,9-Oct-95
835,0,3.73,3.69,3.69,174400,10-Oct-95
836,0,3.75,3.69,3.72,102800,11-Oct-95
837,0,3.81,3.75,3.81,120400,12-Oct-95
838,0,3.88,3.78,3.88,237200,13-Oct-95
839,0,3.88,3.75,3.75,100400,16-Oct-95
840,0,3.81,3.72,3.75,209600,17-Oct-95
841,0,3.72,3.56,3.62,588800,18-Oct-95
842,0,3.59,3.53,3.53,1054800,19-Oct-95
843,0,3.56,3.47,3.47,1681200,20-Oct-95
844,0,3.56,3.41,3.56,779600,23-Oct-95
845,0,3.62,3.53,3.59,1968400,24-Oct-95
846,0,3.62,3.47,3.5,1478000,25-Oct-95
847,0,3.53,3.44,3.44,1202000,26-Oct-95
848,0,3.53,3.47,3.53,428400,27-Oct-95
849,0,3.62,3.53,3.62,1233600,30-Oct-95
850,0,3.75,3.62,3.75,1318400,31-Oct-95
851,0,3.75,3.62,3.69,291600,1-Nov-95
852,0,3.84,3.72,3.84,673600,2-Nov-95
853,0,3.91,3.84,3.91,362000,3-Nov-95
854,0,4.03,3.91,3.97,678000,6-Nov-95
855,0,3.97,3.84,3.91,363600,7-Nov-95
856,0,3.91,3.88,3.88,160000,8-Nov-95
857,0,3.91,3.84,3.88,291200,9-Nov-95
858,0,3.94,3.81,3.91,209600,10-Nov-95
859,0,3.97,3.91,3.97,499600,13-Nov-95
860,0,3.91,3.84,3.88,347600,14-Nov-95
861,0,3.94,3.84,3.94,282400,15-Nov-95
862,0,4.12,4.03,4.09,978000,16-Nov-95
863,0,4.28,4.12,4.22,1068800,17-Nov-95
864,0,4.25,4.16,4.22,526800,20-Nov-95
865,0,4.5,4.19,4.5,1858000,21-Nov-95
866,0,4.47,4.34,4.47,1702000,22-Nov-95
867,0,4.47,4.41,4.47,120400,24-Nov-95
868,0,4.59,4.44,4.56,1684800,27-Nov-95
869,0,4.56,4.47,4.47,619600,28-Nov-95
870,0,4.53,4.44,4.5,452000,29-Nov-95
871,0,4.56,4.44,4.53,635200,30-Nov-95
872,0,4.62,4.5,4.62,682400,1-Dec-95
873,0,4.66,4.59,4.62,773200,4-Dec-95
874,0,4.72,4.62,4.69,776800,5-Dec-95
875,0,4.72,4.66,4.66,659200,6-Dec-95
876,0,4.66,4.47,4.5,504800,7-Dec-95
877,0,4.47,4.38,4.44,355200,8-Dec-95
878,0,4.59,4.41,4.53,544000,11-Dec-95
879,0,4.47,4.44,4.47,163200,12-Dec-95
880,0,4.53,4.44,4.47,250400,13-Dec-95
881,0,4.53,4.44,4.5,565200,14-Dec-95
882,0,4.5,4.41,4.5,758800,15-Dec-95
883,0,4.44,4.31,4.31,358400,18-Dec-95
884,0,4.31,4.25,4.31,1133200,19-Dec-95
885,0,4.5,4.34,4.44,522800,20-Dec-95
886,0,4.41,4.25,4.25,334000,21-Dec-95
887,0,4.31,4.22,4.28,350000,22-Dec-95
888,0,4.41,4.31,4.38,398800,26-Dec-95
889,0,4.38,4.12,4.12,1504000,27-Dec-95
890,0,4.16,4.06,4.06,1235200,28-Dec-95
891,0,4.12,4.03,4.06,953200,29-Dec-95
892,0,4.09,3.97,4.03,968000,2-Jan-96
893,0,4.28,4.03,4.28,1365600,3-Jan-96
894,0,4.34,4.09,4.16,373200,4-Jan-96
895,0,4.31,4.12,4.28,688400,5-Jan-96
896,0,4.41,4.25,4.38,595200,8-Jan-96
897,0,4.41,4.28,4.34,718000,9-Jan-96
898,0,4.28,4.22,4.25,869200,10-Jan-96
899,0,4.28,4.22,4.25,486400,11-Jan-96
900,0,4.25,4.19,4.19,238400,12-Jan-96
901,0,4.22,4.19,4.19,182800,15-Jan-96
902,0,4.19,4.09,4.12,264000,16-Jan-96
903,0,4.28,4.12,4.22,722800,17-Jan-96
904,0,4.31,4.19,4.31,439200,18-Jan-96
905,0,4.31,4.25,4.28,447200,19-Jan-96
906,0,4.34,4.25,4.25,313600,22-Jan-96
907,0,4.38,4.25,4.38,237200,23-Jan-96
908,0,4.38,4.34,4.34,322800,24-Jan-96
909,0,4.47,4.25,4.44,364400,25-Jan-96
910,0,4.78,4.5,4.78,2911600,26-Jan-96
911,0,4.91,4.72,4.75,1585600,29-Jan-96
912,0,4.81,4.72,4.81,646800,30-Jan-96
913,0,4.97,4.75,4.94,1830800,31-Jan-96
914,0,4.97,4.81,4.81,2980800,1-Feb-96
915,0,5.12,4.81,5.03,2921600,2-Feb-96
916,0,5.06,4.97,5.06,1713600,5-Feb-96
917,0,5.19,5.03,5.12,2588400,6-Feb-96
918,0,5.16,5.09,5.12,592000,7-Feb-96
919,0,5.09,4.97,5,374000,8-Feb-96
920,0,5.19,5.06,5.12,1272000,9-Feb-96
921,0,5.12,5.03,5.06,464000,12-Feb-96
922,0,5.09,5,5,727600,13-Feb-96
923,0,5.16,5.03,5.12,854400,14-Feb-96
924,0,5.12,5,5.03,599600,15-Feb-96
925,0,5.06,5,5,388400,16-Feb-96
926,0,5,4.94,5,467200,20-Feb-96
927,0,5.22,5,5.22,747200,21-Feb-96
928,0,5.34,5.16,5.31,1387600,22-Feb-96
929,0,5.34,5.19,5.28,1038000,23-Feb-96
930,0,5.25,5.09,5.22,756800,26-Feb-96
931,0,5.38,5.16,5.38,1399200,27-Feb-96
932,0,5.44,5.34,5.38,740400,28-Feb-96
933,0,5.69,5.41,5.56,2632400,29-Feb-96
934,0,5.56,5.38,5.47,654000,1-Mar-96
935,0,5.53,5.47,5.5,474800,4-Mar-96
936,0,5.47,5.34,5.47,849600,5-Mar-96
937,0,5.88,5.75,5.75,7446800,6-Mar-96
938,0,5.81,5.66,5.81,2274800,7-Mar-96
939,0,5.84,5.62,5.62,1236400,8-Mar-96
940,0,6.03,5.66,6,2494000,11-Mar-96
941,0,6.06,5.88,6.06,1965200,12-Mar-96
942,0,6.16,6.03,6.12,2428400,13-Mar-96
943,0,6.38,6.09,6.38,3596800,14-Mar-96
944,0,6.47,6.34,6.41,3479200,15-Mar-96
945,0,6.56,6.31,6.5,1328800,18-Mar-96
946,0,6.94,6.53,6.72,2906800,19-Mar-96
947,0,6.78,6.59,6.75,1369200,20-Mar-96
948,0,6.75,6.62,6.69,794800,21-Mar-96
949,0,6.75,6.56,6.69,487600,22-Mar-96
950,0,6.81,6.72,6.75,525200,25-Mar-96
951,0,6.81,6.75,6.78,856000,26-Mar-96
952,0,6.78,6.62,6.66,790400,27-Mar-96
953,0,6.69,6.62,6.69,1236000,28-Mar-96
954,0,6.75,6.66,6.69,373600,29-Mar-96
955,0,6.94,6.72,6.94,752000,1-Apr-96
956,0,7.06,6.91,7,2105600,2-Apr-96
957,0,7.62,7.12,7.44,5724400,3-Apr-96
958,0,7.69,7.44,7.5,2248400,4-Apr-96
959,0,7.34,7.09,7.28,2148000,8-Apr-96
960,0,7.5,7.38,7.41,1444400,9-Apr-96
961,0,7.53,7.22,7.22,781600,10-Apr-96
962,0,7.28,7.03,7.09,686000,11-Apr-96
963,0,7.16,6.94,7.12,668400,12-Apr-96
964,0,7.22,7.19,7.22,310800,15-Apr-96
965,0,7.31,7.09,7.25,647200,16-Apr-96
966,0,7.5,7.28,7.5,1656000,17-Apr-96
967,0,7.5,7.38,7.44,540400,18-Apr-96
968,0,7.5,7.31,7.44,335200,19-Apr-96
969,0,7.31,6.97,7,1104400,22-Apr-96
970,0,6.94,6.56,6.59,2401600,23-Apr-96
971,0,6.69,6.47,6.5,1201200,24-Apr-96
972,0,6.56,6.25,6.44,2489600,25-Apr-96
973,0,6.59,6.44,6.47,965200,26-Apr-96
974,0,6.59,6.47,6.56,557200,29-Apr-96
975,0,6.56,6.34,6.38,2202800,30-Apr-96
976,0,6.5,6.31,6.5,2033600,1-May-96
977,0,6.47,6.34,6.38,557600,2-May-96
978,0,6.44,6.31,6.38,821600,3-May-96
979,0,6.5,6.38,6.44,1545200,6-May-96
980,0,6.5,6.31,6.31,892400,7-May-96
981,0,6.28,6.06,6.25,1141200,8-May-96
982,0,6.5,6.25,6.47,727600,9-May-96
983,0,6.84,6.41,6.81,1629600,10-May-96
984,0,7.09,6.78,7.03,1430400,13-May-96
985,0,7.16,7,7.03,1562800,14-May-96
986,0,7.09,6.97,7,767200,15-May-96
987,0,7.09,7,7.03,512400,16-May-96
988,0,7.09,7,7.06,330800,17-May-96
989,0,7.09,7,7.03,390000,20-May-96
990,0,7.16,7.03,7.06,573200,21-May-96
991,0,7.03,6.94,7,362800,22-May-96
992,0,7,6.91,6.94,513200,23-May-96
993,0,6.94,6.88,6.94,295600,24-May-96
994,0,6.94,6.78,6.84,398800,28-May-96
995,0,6.88,6.81,6.84,195200,29-May-96
996,0,6.84,6.62,6.66,232000,30-May-96
997,0,6.66,6.47,6.5,403600,31-May-96
998,0,6.69,6.5,6.69,644800,3-Jun-96
999,0,6.91,6.69,6.91,805200,4-Jun-96
1000,0,6.97,6.84,6.94,900000,5-Jun-96
1001,0,7.06,6.91,7.03,343200,6-Jun-96
1002,0,7,6.97,6.97,298800,7-Jun-96
1003,0,7.06,6.97,7,288400,10-Jun-96
1004,0,7.16,7.03,7.16,719600,11-Jun-96
1005,0,7.19,7.09,7.19,778400,12-Jun-96
1006,0,7.25,7.12,7.12,633200,13-Jun-96
1007,0,7.12,7,7,503200,14-Jun-96
1008,0,7.19,7.06,7.12,210800,17-Jun-96
1009,0,7.16,7,7.03,408800,18-Jun-96
1010,0,7.06,7,7,164800,19-Jun-96
1011,0,7.06,6.94,6.97,140800,20-Jun-96
1012,0,7.03,6.94,6.97,766000,21-Jun-96
1013,0,7.03,6.97,7.03,380800,24-Jun-96
1014,0,7.09,7,7,242400,25-Jun-96
1015,0,7.12,7,7,526000,26-Jun-96
1016,0,7,6.84,6.84,220000,27-Jun-96
1017,0,6.88,6.78,6.84,417600,28-Jun-96
1018,0,6.91,6.81,6.91,304000,1-Jul-96
1019,0,7.03,6.91,6.94,156400,2-Jul-96
1020,0,7,6.81,6.81,212400,3-Jul-96
1021,0,6.81,6.72,6.72,82000,5-Jul-96
1022,0,6.69,6.44,6.44,443200,8-Jul-96
1023,0,6.62,6.44,6.59,550000,9-Jul-96
1024,0,6.59,6.31,6.34,605600,10-Jul-96
1025,0,6.41,6.16,6.19,452800,11-Jul-96
1026,0,6.38,6.16,6.25,479600,12-Jul-96
1027,0,6.38,6.09,6.16,1126800,15-Jul-96
1028,0,6.16,6,6,1009200,16-Jul-96
1029,0,6.25,6.06,6.22,478000,17-Jul-96
1030,0,6.22,6.03,6.19,1039600,18-Jul-96
1031,0,6.16,5.94,5.97,1988000,19-Jul-96
1032,0,6.03,5.69,5.78,659600,22-Jul-96
1033,0,6.03,5.84,5.91,971600,23-Jul-96
1034,0,5.84,5.66,5.78,619200,24-Jul-96
1035,0,5.91,5.78,5.78,546400,25-Jul-96
1036,0,5.94,5.78,5.91,878000,26-Jul-96
1037,0,5.91,5.66,5.69,375200,29-Jul-96
1038,0,5.81,5.72,5.78,800000,30-Jul-96
1039,0,6.03,5.78,6,619200,31-Jul-96
1040,0,6,5.94,6,470400,1-Aug-96
1041,0,6.19,5.97,6.19,387600,2-Aug-96
1042,0,6.31,6.25,6.28,375200,5-Aug-96
1043,0,6.28,6.06,6.09,668800,6-Aug-96
1044,0,6.16,6.03,6.09,783600,7-Aug-96
1045,0,6.16,6,6.12,525200,8-Aug-96
1046,0,6.16,5.97,5.97,522400,9-Aug-96
1047,0,6,5.84,5.88,654000,12-Aug-96
1048,0,5.91,5.75,5.78,1203600,13-Aug-96
1049,0,5.84,5.72,5.75,342000,14-Aug-96
1050,0,5.78,5.66,5.72,424000,15-Aug-96
1051,0,5.78,5.62,5.66,820000,16-Aug-96
1052,0,5.75,5.59,5.69,1582400,19-Aug-96
1053,0,5.72,5.62,5.66,1482800,20-Aug-96
1054,0,5.75,5.5,5.53,1510400,21-Aug-96
1055,0,5.59,5.34,5.38,3029600,22-Aug-96
1056,0,5.5,5.34,5.47,1253600,23-Aug-96
1057,0,5.47,5.31,5.38,1534800,26-Aug-96
1058,0,5.41,5.31,5.38,1147600,27-Aug-96
1059,0,5.34,5.25,5.34,1222800,28-Aug-96
1060,0,5.41,5.31,5.41,640800,29-Aug-96
1061,0,5.41,5.19,5.28,980400,30-Aug-96
1062,0,5.25,5.12,5.19,413600,3-Sep-96
1063,0,5.22,5.12,5.12,383600,4-Sep-96
1064,0,5.16,5.03,5.06,540800,5-Sep-96
1065,0,5.31,5.06,5.25,686800,6-Sep-96
1066,0,5.34,5.22,5.28,726400,9-Sep-96
1067,0,5.34,5.28,5.34,498400,10-Sep-96
1068,0,5.34,5.22,5.22,1094400,11-Sep-96
1069,0,5.25,4.81,4.91,4533600,12-Sep-96
1070,0,4.94,4.81,4.88,5126800,13-Sep-96
1071,0,4.97,4.84,4.88,2978000,16-Sep-96
1072,0,4.88,4.78,4.81,1354000,17-Sep-96
1073,0,4.88,4.81,4.84,726000,18-Sep-96
1074,0,4.97,4.81,4.94,2028000,19-Sep-96
1075,0,5.09,4.94,5.03,1625200,20-Sep-96
1076,0,5.22,5.03,5.16,2246000,23-Sep-96
1077,0,5.22,5.12,5.19,1519600,24-Sep-96
1078,0,5.25,5.19,5.25,2014800,25-Sep-96
1079,0,5.28,5.16,5.16,702800,26-Sep-96
1080,0,5.19,5.11,5.16,605200,27-Sep-96
1081,0,5.38,5.16,5.34,1048000,30-Sep-96
1082,0,5.34,5.25,5.31,959600,1-Oct-96
1083,0,5.38,5.31,5.31,578800,2-Oct-96
1084,0,5.41,5.31,5.34,919200,3-Oct-96
1085,0,5.47,5.38,5.44,704000,4-Oct-96
1086,0,5.44,5.38,5.38,448000,7-Oct-96
1087,0,5.38,5.19,5.22,885600,8-Oct-96
1088,0,5.34,5.19,5.19,584800,9-Oct-96
1089,0,5.41,5.16,5.38,802000,10-Oct-96
1090,0,5.41,5.25,5.34,750800,11-Oct-96
1091,0,5.38,5.31,5.38,860400,14-Oct-96
1092,0,5.41,5.31,5.31,462800,15-Oct-96
1093,0,5.31,5.28,5.28,376800,16-Oct-96
1094,0,5.31,5.28,5.28,374800,17-Oct-96
1095,0,5.28,5.19,5.19,1153200,18-Oct-96
1096,0,5.25,5.16,5.22,326000,21-Oct-96
1097,0,5.5,5.22,5.5,908400,22-Oct-96
1098,0,5.53,5.5,5.53,646800,23-Oct-96
1099,0,5.62,5.44,5.47,820000,24-Oct-96
1100,0,5.44,5.34,5.38,605600,25-Oct-96
1101,0,5.34,5.19,5.25,734000,28-Oct-96
1102,0,5.31,5.25,5.25,150800,29-Oct-96
1103,0,5.38,5.25,5.34,396800,30-Oct-96
1104,0,5.5,5.34,5.5,564800,31-Oct-96
1105,0,5.47,5.41,5.44,304000,1-Nov-96
1106,0,5.47,5.41,5.47,905600,4-Nov-96
1107,0,5.5,5.44,5.5,403200,5-Nov-96
1108,0,5.62,5.47,5.59,817600,6-Nov-96
1109,0,5.72,5.59,5.72,549200,7-Nov-96
1110,0,5.72,5.56,5.62,233200,8-Nov-96
1111,0,5.78,5.59,5.75,300000,11-Nov-96
1112,0,5.97,5.69,5.91,956400,12-Nov-96
1113,0,5.91,5.84,5.88,418800,13-Nov-96
1114,0,5.97,5.81,5.94,684800,14-Nov-96
1115,0,5.97,5.69,5.72,533200,15-Nov-96
1116,0,5.91,5.75,5.88,595600,18-Nov-96
1117,0,5.94,5.81,5.94,550400,19-Nov-96
1118,0,6.09,5.88,6.06,960000,20-Nov-96
1119,0,6.16,6.03,6.06,849600,21-Nov-96
1120,0,6.12,6.06,6.12,979600,22-Nov-96
1121,0,6.28,6.09,6.09,1498000,25-Nov-96
1122,0,6.12,5.94,5.94,558800,26-Nov-96
1123,0,5.97,5.91,5.94,275200,27-Nov-96
1124,0,6.06,5.94,6.03,112800,29-Nov-96
1125,0,6.06,5.97,6.06,292000,2-Dec-96
1126,0,6.22,6.06,6.06,332800,3-Dec-96
1127,0,6.12,6,6.06,297200,4-Dec-96
1128,0,6.12,6,6.12,718400,5-Dec-96
1129,0,6.06,5.81,6.03,549600,6-Dec-96
1130,0,6.09,6,6.06,1378400,9-Dec-96
1131,0,6.09,5.97,6.06,909200,10-Dec-96
1132,0,5.94,5.78,5.94,497600,11-Dec-96
1133,0,6.03,5.84,5.88,400400,12-Dec-96
1134,0,5.84,5.66,5.69,864400,13-Dec-96
1135,0,5.72,5.59,5.59,538800,16-Dec-96
1136,0,5.72,5.53,5.69,456800,17-Dec-96
1137,0,5.75,5.59,5.59,377600,18-Dec-96
1138,0,5.75,5.62,5.72,828400,19-Dec-96
1139,0,5.66,5.53,5.62,628400,20-Dec-96
1140,0,5.62,5.5,5.56,428000,23-Dec-96
1141,0,5.69,5.56,5.66,125200,24-Dec-96
1142,0,5.69,5.66,5.66,136800,26-Dec-96
1143,0,5.66,5.5,5.53,750800,27-Dec-96
1144,0,5.5,5.25,5.34,972000,30-Dec-96
1145,0,5.34,5.19,5.25,1109600,31-Dec-96
1146,0,5.28,5.19,5.28,446800,2-Jan-97
1147,0,5.31,5.25,5.31,612400,3-Jan-97
1148,0,5.31,5.22,5.28,740000,6-Jan-97
1149,0,5.41,5.25,5.38,1118000,7-Jan-97
1150,0,5.38,5.28,5.34,626800,8-Jan-97
1151,0,5.38,5.25,5.38,810400,9-Jan-97
1152,0,5.38,5.31,5.31,961200,10-Jan-97
1153,0,5.34,5.19,5.22,668400,13-Jan-97
1154,0,5.28,5.19,5.22,1434800,14-Jan-97
1155,0,5.5,5.22,5.31,1766400,15-Jan-97
1156,0,5.44,5.31,5.44,908000,16-Jan-97
1157,0,5.53,5.44,5.5,1482800,17-Jan-97
1158,0,5.62,5.5,5.59,1044800,20-Jan-97
1159,0,5.59,5.53,5.53,534400,21-Jan-97
1160,0,5.53,5.38,5.41,983200,22-Jan-97
1161,0,5.44,5.34,5.34,1709200,23-Jan-97
1162,0,5.41,5.34,5.41,638000,24-Jan-97
1163,0,5.5,5.34,5.34,495200,27-Jan-97
1164,0,5.38,5.25,5.28,735200,28-Jan-97
1165,0,5.47,5.28,5.44,580000,29-Jan-97
1166,0,5.44,5.31,5.31,587200,30-Jan-97
1167,0,5.41,5.28,5.41,627200,31-Jan-97
1168,0,5.62,5.34,5.59,1064800,3-Feb-97
1169,0,5.69,5.59,5.62,567200,4-Feb-97
1170,0,5.62,5.47,5.47,577200,5-Feb-97
1171,0,5.62,5.47,5.59,766800,6-Feb-97
1172,0,5.62,5.56,5.56,582400,7-Feb-97
1173,0,5.59,5.5,5.5,374800,10-Feb-97
1174,0,5.66,5.47,5.62,1118400,11-Feb-97
1175,0,5.81,5.56,5.81,982800,12-Feb-97
1176,0,6.06,5.81,6,1681600,13-Feb-97
1177,0,6,5.91,5.91,632400,14-Feb-97
1178,0,5.94,5.81,5.81,292000,18-Feb-97
1179,0,5.97,5.81,5.94,1224800,19-Feb-97
1180,0,5.97,5.91,5.94,734400,20-Feb-97
1181,0,6.06,5.94,6.06,791600,21-Feb-97
1182,0,6.22,6,6.22,758000,24-Feb-97
1183,0,6.28,6.19,6.22,776400,25-Feb-97
1184,0,6.28,6.12,6.19,1084800,26-Feb-97
1185,0,6.19,6.06,6.06,683600,27-Feb-97
1186,0,6.12,5.91,5.94,580400,28-Feb-97
1187,0,5.94,5.78,5.84,1699600,3-Mar-97
1188,0,6.12,5.91,6.03,1066800,4-Mar-97
1189,0,6.31,6.12,6.25,2118400,5-Mar-97
1190,0,6.25,6.16,6.22,372800,6-Mar-97
1191,0,6.22,6.12,6.19,510400,7-Mar-97
1192,0,6.22,6.16,6.22,397600,10-Mar-97
1193,0,6.56,6.22,6.56,2238000,11-Mar-97
1194,0,6.72,6.44,6.72,1217200,12-Mar-97
1195,0,6.78,6.53,6.53,1944400,13-Mar-97
1196,0,6.75,6.56,6.62,1037600,14-Mar-97
1197,0,6.62,6.47,6.59,460000,17-Mar-97
1198,0,6.62,6.53,6.59,384400,18-Mar-97
1199,0,6.84,6.44,6.81,2245600,19-Mar-97
1200,0,6.91,6.66,6.72,1361200,20-Mar-97
1201,0,6.78,6.66,6.75,968400,21-Mar-97
1202,0,6.81,6.66,6.66,688800,24-Mar-97
1203,0,6.66,6.44,6.47,579600,25-Mar-97
1204,0,6.78,6.44,6.78,986000,26-Mar-97
1205,0,6.78,6.38,6.41,663200,27-Mar-97
1206,0,6.44,6.38,6.41,225200,31-Mar-97
1207,0,6.38,6.12,6.28,1438000,1-Apr-97
1208,0,6.12,5.75,5.88,3912400,2-Apr-97
1209,0,6.12,5.84,6.09,1480400,3-Apr-97
1210,0,6.41,6,6.31,1374000,4-Apr-97
1211,0,6.31,6.19,6.28,526800,7-Apr-97
1212,0,6.25,6.12,6.16,390400,8-Apr-97
1213,0,6.22,6.12,6.22,406400,9-Apr-97
1214,0,6.22,6.12,6.12,306400,10-Apr-97
1215,0,6.12,5.88,5.88,318400,11-Apr-97
1216,0,6,5.81,6,370000,14-Apr-97
1217,0,6.22,5.97,6.22,1389200,15-Apr-97
1218,0,6.25,6.19,6.19,615600,16-Apr-97
1219,0,6.28,6.16,6.19,492800,17-Apr-97
1220,0,6.25,6.12,6.22,669200,18-Apr-97
1221,0,6.25,6.09,6.12,510400,21-Apr-97
1222,0,6.25,6.16,6.25,560400,22-Apr-97
1223,0,6.41,6.06,6.41,489600,23-Apr-97
1224,0,6.56,6.41,6.5,1408800,24-Apr-97
1225,0,6.5,6.12,6.19,616800,25-Apr-97
1226,0,6.31,6.16,6.22,613200,28-Apr-97
1227,0,6.34,6.16,6.34,402400,29-Apr-97
1228,0,6.34,6.22,6.22,819600,30-Apr-97
1229,0,6.16,5.91,6.09,1186400,1-May-97
1230,0,6.31,6.06,6.31,767600,2-May-97
1231,0,6.31,6.22,6.28,419200,5-May-97
1232,0,6.34,6.12,6.12,997200,6-May-97
1233,0,6.16,6.12,6.16,359200,7-May-97
1234,0,6.25,6.12,6.22,558400,8-May-97
1235,0,6.34,6.16,6.16,703600,9-May-97
1236,0,6.16,6.06,6.09,618000,12-May-97
1237,0,6.12,5.94,5.94,486000,13-May-97
1238,0,6.06,5.97,6,650800,14-May-97
1239,0,6,5.94,6,269600,15-May-97
1240,0,6.12,5.97,6.03,568800,16-May-97
1241,0,6.16,6.06,6.16,480400,19-May-97
1242,0,6.28,6.12,6.25,478000,20-May-97
1243,0,6.38,6.28,6.28,872800,21-May-97
1244,0,6.28,6.22,6.22,609600,22-May-97
1245,0,6.34,6.22,6.31,486000,23-May-97
1246,0,6.34,6.25,6.34,242000,27-May-97
1247,0,6.34,6.19,6.25,261600,28-May-97
1248,0,6.25,6.22,6.22,162800,29-May-97
1249,0,6.25,6.19,6.22,140000,30-May-97
1250,0,6.19,6.09,6.12,435600,2-Jun-97
1251,0,6.16,6.09,6.16,426800,3-Jun-97
1252,0,6.16,6.12,6.16,341200,4-Jun-97
1253,0,6.38,6.12,6.38,523200,5-Jun-97
1254,0,6.41,6.31,6.38,295600,6-Jun-97
1255,0,6.38,6.25,6.28,256400,9-Jun-97
1256,0,6.31,6.16,6.19,361600,10-Jun-97
1257,0,6.17,6.06,6.06,275200,11-Jun-97
1258,0,6.12,5.97,5.97,764000,12-Jun-97
1259,0,6.06,6,6.06,367600,13-Jun-97
1260,0,6.06,6.03,6.06,122800,16-Jun-97
1261,0,6.03,5.94,5.94,1113200,17-Jun-97
1262,0,6.16,5.91,6.16,345600,18-Jun-97
1263,0,6.25,6.12,6.25,2661600,19-Jun-97
1264,0,6.28,6.25,6.28,1988000,20-Jun-97
1265,0,6.34,6.28,6.31,1223600,23-Jun-97
1266,0,6.41,6.3,6.31,1136800,24-Jun-97
1267,0,6.34,6.31,6.33,1313600,25-Jun-97
1268,0,6.34,6.31,6.31,157600,26-Jun-97
1269,0,6.41,6.31,6.39,205200,27-Jun-97
1270,0,6.41,6.39,6.41,507200,30-Jun-97
1271,0,6.41,6.33,6.34,242400,1-Jul-97
1272,0,6.48,6.33,6.48,669200,2-Jul-97
1273,0,6.59,6.47,6.56,729200,3-Jul-97
1274,0,6.59,6.47,6.5,442400,7-Jul-97
1275,0,6.5,6.44,6.44,591200,8-Jul-97
1276,0,6.5,6.36,6.39,481600,9-Jul-97
1277,0,6.41,6.31,6.34,820400,10-Jul-97
1278,0,6.56,6.36,6.53,325600,11-Jul-97
1279,0,6.56,6.47,6.5,419600,14-Jul-97
1280,0,6.64,6.53,6.62,429600,15-Jul-97
1281,0,6.75,6.64,6.69,1308800,16-Jul-97
1282,0,6.66,6.44,6.47,658800,17-Jul-97
1283,0,6.56,6.44,6.56,432400,18-Jul-97
1284,0,6.7,6.61,6.61,638800,21-Jul-97
1285,0,6.77,6.62,6.7,1033200,22-Jul-97
1286,0,6.88,6.69,6.88,1432400,23-Jul-97
1287,0,6.95,6.77,6.91,1145600,24-Jul-97
1288,0,7.23,6.89,7.16,1027200,25-Jul-97
1289,0,7.19,7.09,7.16,356800,28-Jul-97
1290,0,7.14,7.06,7.11,566000,29-Jul-97
1291,0,7.23,7.11,7.23,1232400,30-Jul-97
1292,0,7.41,7.23,7.39,658400,31-Jul-97
1293,0,7.5,7.28,7.31,1511200,1-Aug-97
1294,0,7.41,7.33,7.39,822800,4-Aug-97
1295,0,7.41,7.3,7.3,1474400,5-Aug-97
1296,0,7.31,7.28,7.3,635600,6-Aug-97
1297,0,7.44,7.27,7.27,642400,7-Aug-97
1298,0,7.22,7.02,7.11,277600,8-Aug-97
1299,0,7.2,7.06,7.17,702000,11-Aug-97
1300,0,7.2,6.95,6.95,729600,12-Aug-97
1301,0,7.06,6.97,7.02,487200,13-Aug-97
1302,0,7.05,7,7.03,90000,14-Aug-97
1303,0,7.03,6.84,6.84,870400,15-Aug-97
1304,0,6.88,6.78,6.81,389200,18-Aug-97
1305,0,6.88,6.81,6.86,810000,19-Aug-97
1306,0,6.91,6.84,6.91,637200,20-Aug-97
1307,0,7,6.94,7,208800,21-Aug-97
1308,0,6.91,6.84,6.91,214400,22-Aug-97
1309,0,7.11,6.94,7,282400,25-Aug-97
1310,0,7.03,6.92,6.92,532000,26-Aug-97
1311,0,6.94,6.86,6.89,100400,27-Aug-97
1312,0,6.89,6.78,6.78,354800,28-Aug-97
1313,0,6.92,6.78,6.86,256000,29-Aug-97
1314,0,6.91,6.83,6.89,234000,2-Sep-97
1315,0,7.03,6.89,7.02,202000,3-Sep-97
1316,0,7.14,6.98,7.08,215600,4-Sep-97
1317,0,7.2,7.09,7.2,508400,5-Sep-97
1318,0,7.5,7.22,7.5,2128800,8-Sep-97
1319,0,7.53,7.34,7.45,1329600,9-Sep-97
1320,0,7.61,7.47,7.56,715200,10-Sep-97
1321,0,7.7,7.5,7.69,2692400,11-Sep-97
1322,0,7.77,7.61,7.62,1633200,12-Sep-97
1323,0,7.67,7.53,7.66,558400,15-Sep-97
1324,0,7.72,7.59,7.59,825200,16-Sep-97
1325,0,7.66,7.56,7.62,685200,17-Sep-97
1326,0,7.62,7.47,7.62,526800,18-Sep-97
1327,0,8.05,7.75,8,2404400,19-Sep-97
1328,0,8.19,8.02,8.02,1662000,22-Sep-97
1329,0,8,7.56,7.75,1264000,23-Sep-97
1330,0,7.94,7.78,7.88,1090400,24-Sep-97
1331,0,7.94,7.88,7.88,641600,25-Sep-97
1332,0,8.12,7.91,7.94,682400,26-Sep-97
1333,0,8.33,7.94,8.23,2866400,29-Sep-97
1334,0,8.25,8.14,8.22,564400,30-Sep-97
1335,0,8.31,7.86,7.97,1526000,1-Oct-97
1336,0,8.02,7.92,7.92,988000,2-Oct-97
1337,0,7.98,7.69,7.69,983600,3-Oct-97
1338,0,7.83,7.7,7.8,966800,6-Oct-97
1339,0,7.88,7.8,7.83,720000,7-Oct-97
1340,0,7.89,7.8,7.89,620800,8-Oct-97
1341,0,7.98,7.88,7.97,634000,9-Oct-97
1342,0,8.02,7.92,7.97,348800,10-Oct-97
1343,0,8.02,7.91,7.91,198400,13-Oct-97
1344,0,7.97,7.86,7.91,557200,14-Oct-97
1345,0,8.2,7.92,8.14,1030800,15-Oct-97
1346,0,8.2,7.94,7.94,983200,16-Oct-97
1347,0,7.97,7.83,7.97,1080800,17-Oct-97
1348,0,8.17,7.97,8.14,1162000,20-Oct-97
1349,0,8.42,8.16,8.41,1122400,21-Oct-97
1350,0,8.55,8.38,8.55,2650400,22-Oct-97
