Date,Open,High,Low,Close,Volume
20-May-11,8.03,8.16,7.89,8.03,13339664
19-May-11,8.18,8.19,8.00,8.05,9784305
18-May-11,8.19,8.29,8.09,8.14,10325478
17-May-11,7.98,8.10,7.82,8.08,11538784
16-May-11,8.05,8.35,7.96,8.01,9250530
13-May-11,8.21,8.33,7.93,8.13,9715449
12-May-11,8.03,8.34,7.88,8.14,15668670
11-May-11,8.50,8.53,8.06,8.24,11093974
10-May-11,8.68,8.82,8.58,8.60,11275004
9-May-11,8.45,8.65,8.23,8.65,11313032
6-May-11,8.19,8.40,8.00,8.09,11827158
5-May-11,8.21,8.28,7.85,7.98,17507524
4-May-11,8.34,8.51,8.06,8.31,16200865
3-May-11,8.80,8.85,8.17,8.42,21241985
2-May-11,9.18,9.41,8.82,8.87,11276014
29-Apr-11,9.30,9.46,9.24,9.41,9373789
28-Apr-11,9.52,9.62,9.23,9.32,10811431
27-Apr-11,9.18,9.52,8.90,9.49,13223151
26-Apr-11,9.16,9.20,8.97,9.13,11186854
25-Apr-11,9.63,9.65,9.26,9.28,10413318
21-Apr-11,9.37,9.47,9.25,9.46,8333371
20-Apr-11,9.19,9.33,9.10,9.22,9013271
19-Apr-11,8.93,9.03,8.74,9.01,9708121
18-Apr-11,9.08,9.30,8.71,8.86,19112499
15-Apr-11,9.65,9.69,9.47,9.61,12133921
14-Apr-11,9.23,9.60,9.19,9.53,12242884
13-Apr-11,9.17,9.29,9.00,9.19,9350956
12-Apr-11,9.14,9.27,8.89,8.98,10947286
11-Apr-11,9.81,9.88,9.00,9.13,12934146
8-Apr-11,9.80,9.95,9.66,9.76,11682869
7-Apr-11,9.49,9.73,9.40,9.55,8233113
6-Apr-11,9.66,9.78,9.41,9.51,11307626
5-Apr-11,9.07,9.55,9.04,9.53,9702845
4-Apr-11,9.17,9.28,9.08,9.13,6106245
1-Apr-11,8.94,9.11,8.89,9.00,6280912
31-Mar-11,9.21,9.27,9.06,9.08,6757821
30-Mar-11,9.03,9.09,8.76,9.05,9575976
29-Mar-11,8.73,9.05,8.66,8.87,6178592
28-Mar-11,8.78,9.07,8.75,8.81,6648782
25-Mar-11,9.18,9.29,8.90,8.98,9931842
24-Mar-11,9.41,9.53,9.10,9.12,17177377
23-Mar-11,8.80,9.35,8.71,9.26,14921383
22-Mar-11,8.70,8.84,8.52,8.71,7830217
21-Mar-11,8.61,8.71,8.41,8.70,8590930
18-Mar-11,8.25,8.47,8.04,8.34,21484039
17-Mar-11,8.25,8.41,8.08,8.08,12869180
16-Mar-11,8.61,8.62,8.03,8.15,17580891
15-Mar-11,7.93,8.60,7.81,8.51,16753506
14-Mar-11,8.94,8.94,8.40,8.57,13635247
11-Mar-11,8.54,9.19,8.42,9.00,10199214
10-Mar-11,9.00,9.00,8.65,8.74,14191331
9-Mar-11,9.48,9.58,9.15,9.21,8887556
8-Mar-11,9.46,9.58,9.02,9.49,12752584
7-Mar-11,10.26,10.32,9.42,9.53,17204413
4-Mar-11,10.03,10.30,10.01,10.12,11026829
3-Mar-11,10.03,10.08,9.78,9.95,12644124
2-Mar-11,10.36,10.42,10.07,10.24,10484674
1-Mar-11,10.34,10.51,10.17,10.28,16096185
28-Feb-11,11.01,11.08,9.74,10.15,26485127
25-Feb-11,10.17,10.82,10.17,10.79,12276170
24-Feb-11,10.58,10.58,10.04,10.09,12076364
23-Feb-11,10.41,10.76,10.35,10.55,12031569
22-Feb-11,11.04,11.08,10.36,10.40,15907816
18-Feb-11,10.38,10.76,10.32,10.58,17620959
17-Feb-11,10.12,10.30,9.98,10.27,9573033
16-Feb-11,10.05,10.10,9.71,9.99,12756135
15-Feb-11,10.08,10.24,10.03,10.15,10617921
14-Feb-11,9.63,9.93,9.63,9.83,8057182
11-Feb-11,9.66,9.76,9.42,9.54,7922821
10-Feb-11,9.27,9.62,9.10,9.57,9880285
9-Feb-11,9.85,9.92,9.41,9.45,11605049
8-Feb-11,9.86,9.94,9.74,9.82,9443017
7-Feb-11,9.79,9.96,9.63,9.65,10025150
4-Feb-11,9.92,10.05,9.61,9.67,13456932
3-Feb-11,9.30,9.90,9.09,9.84,13365036
2-Feb-11,9.36,9.39,9.10,9.22,8202606
1-Feb-11,9.15,9.38,9.01,9.35,10426041
31-Jan-11,9.00,9.20,8.84,9.00,12755557
28-Jan-11,8.56,9.30,8.50,9.09,20103524
27-Jan-11,9.06,9.10,8.56,8.60,15154634
26-Jan-11,8.43,9.08,8.41,9.07,15718705
25-Jan-11,8.38,8.46,8.19,8.41,16548416
24-Jan-11,8.58,8.83,8.43,8.53,12849929
21-Jan-11,8.91,9.00,8.63,8.64,13320148
20-Jan-11,9.11,9.12,8.70,8.95,19458511
19-Jan-11,9.98,10.04,9.47,9.50,9131446
18-Jan-11,9.71,9.88,9.68,9.76,8338623
14-Jan-11,9.53,9.70,9.45,9.58,10794866
13-Jan-11,10.34,10.38,9.67,9.75,12564631
12-Jan-11,10.40,10.44,10.16,10.31,8017431
11-Jan-11,10.30,10.45,10.21,10.35,9462668
10-Jan-11,10.07,10.17,9.90,10.08,8543075
7-Jan-11,9.72,10.25,9.70,10.02,13492880
6-Jan-11,10.39,10.42,9.90,9.92,13638562
5-Jan-11,10.16,10.49,9.88,10.43,16446225
4-Jan-11,11.03,11.08,10.12,10.48,22754666
3-Jan-11,11.42,11.56,11.16,11.24,13805777
31-Dec-10,11.22,11.42,11.12,11.26,5593046
30-Dec-10,11.37,11.44,11.07,11.13,7603673
29-Dec-10,11.38,11.52,11.30,11.34,9550079
28-Dec-10,10.98,11.34,10.86,11.24,17312773
27-Dec-10,10.87,10.88,10.59,10.66,6668243
23-Dec-10,10.62,10.93,10.51,10.77,8481115
22-Dec-10,11.00,11.04,10.74,10.74,9071740
21-Dec-10,10.89,11.03,10.72,10.93,8363584
20-Dec-10,10.72,10.90,10.52,10.83,9184159
17-Dec-10,10.60,10.79,10.50,10.60,14995668
16-Dec-10,10.72,10.72,10.27,10.57,14957350
15-Dec-10,10.82,11.04,10.73,10.73,12935867
14-Dec-10,11.05,11.30,10.88,11.03,14816156
13-Dec-10,11.07,11.27,10.90,11.00,15485624
10-Dec-10,10.34,10.72,10.12,10.68,12227992
9-Dec-10,10.42,10.61,10.26,10.44,13813548
8-Dec-10,10.36,10.38,9.90,10.23,21786702
7-Dec-10,11.37,11.40,10.50,10.51,26832926
6-Dec-10,10.80,11.05,10.63,11.01,18177747
3-Dec-10,9.86,10.56,9.77,10.50,20705549
2-Dec-10,9.73,9.94,9.62,9.75,14341386
1-Dec-10,9.80,9.95,9.60,9.72,14127892
30-Nov-10,9.22,9.75,9.18,9.59,25234217
29-Nov-10,8.80,9.21,8.62,9.17,11552207
26-Nov-10,8.78,8.90,8.68,8.80,4102632
24-Nov-10,8.95,9.03,8.85,8.96,7758898
23-Nov-10,8.93,9.07,8.76,8.95,13842942
22-Nov-10,8.55,9.05,8.45,9.05,15012712
19-Nov-10,8.42,8.63,8.16,8.58,12634687
18-Nov-10,8.54,8.63,8.26,8.47,12776245
17-Nov-10,7.89,8.24,7.87,8.12,12395299
16-Nov-10,8.18,8.19,7.71,7.84,21038425
15-Nov-10,8.44,8.57,8.22,8.31,10566525
12-Nov-10,8.64,8.78,8.21,8.41,19170388
11-Nov-10,8.86,8.92,8.56,8.92,16480634
10-Nov-10,8.65,8.80,8.12,8.76,29137527
9-Nov-10,9.63,9.75,8.09,8.32,50785618
8-Nov-10,8.00,9.00,7.94,8.96,26716143
5-Nov-10,7.69,8.20,7.65,7.93,18096272
4-Nov-10,7.16,7.70,7.15,7.68,16310597
3-Nov-10,6.96,7.02,6.68,6.96,11603937
2-Nov-10,6.98,7.00,6.90,6.97,5511597
1-Nov-10,6.94,7.05,6.81,6.91,7856356
29-Oct-10,6.85,6.95,6.81,6.89,6050843
28-Oct-10,6.85,6.93,6.78,6.84,7715117
27-Oct-10,6.83,6.85,6.60,6.79,11035266
26-Oct-10,6.77,6.94,6.63,6.90,7418269
25-Oct-10,6.85,6.93,6.77,6.84,7607656
22-Oct-10,6.54,6.70,6.47,6.70,6062698
21-Oct-10,6.85,6.90,6.50,6.59,10537363
20-Oct-10,6.61,6.86,6.61,6.81,9672616
19-Oct-10,6.91,6.91,6.57,6.60,16048382
18-Oct-10,6.95,7.17,6.82,7.16,7129434
15-Oct-10,7.11,7.13,6.77,7.00,11386803
14-Oct-10,7.00,7.19,6.92,7.06,11561769
13-Oct-10,6.78,6.99,6.76,6.93,9705826
12-Oct-10,6.68,6.70,6.52,6.68,8833699
11-Oct-10,6.70,6.78,6.60,6.72,6640912
8-Oct-10,6.43,6.70,6.43,6.69,9927934
7-Oct-10,6.75,6.77,6.28,6.41,12511891
6-Oct-10,6.67,6.73,6.58,6.70,8056660
5-Oct-10,6.40,6.61,6.39,6.61,10228088
4-Oct-10,6.34,6.34,6.20,6.25,4772985
1-Oct-10,6.39,6.45,6.35,6.38,6612016
30-Sep-10,6.42,6.44,6.15,6.32,8864966
29-Sep-10,6.36,6.43,6.30,6.35,6995898
28-Sep-10,6.16,6.37,5.89,6.37,11520408
27-Sep-10,6.30,6.30,6.14,6.17,4633738
24-Sep-10,6.30,6.35,6.16,6.25,7668765
23-Sep-10,6.29,6.36,6.16,6.18,5934226
22-Sep-10,6.39,6.44,6.22,6.34,8469453
21-Sep-10,6.20,6.34,6.09,6.27,9751899
20-Sep-10,6.16,6.30,6.09,6.27,9993225
17-Sep-10,6.22,6.26,6.04,6.12,10050712
16-Sep-10,6.14,6.23,6.08,6.18,8584415
15-Sep-10,6.01,6.12,5.96,6.09,5418437
14-Sep-10,5.98,6.16,5.93,6.05,11280001
13-Sep-10,5.87,5.95,5.84,5.85,5168544
10-Sep-10,5.70,5.86,5.68,5.80,4900448
9-Sep-10,5.98,6.02,5.65,5.71,8366836
8-Sep-10,6.00,6.05,5.86,5.92,7446952
7-Sep-10,5.90,6.00,5.85,5.94,8234973
3-Sep-10,5.72,5.85,5.65,5.85,7169693
2-Sep-10,5.81,5.86,5.68,5.79,6366646
1-Sep-10,5.81,5.86,5.62,5.70,8567335
31-Aug-10,5.54,5.94,5.54,5.68,17577058
30-Aug-10,5.53,5.56,5.37,5.45,6302740
27-Aug-10,5.21,5.49,5.13,5.49,12807809
26-Aug-10,5.10,5.25,5.09,5.14,6906522
25-Aug-10,4.90,5.10,4.85,5.08,6433874
24-Aug-10,4.77,4.96,4.75,4.80,4597013
23-Aug-10,4.97,5.02,4.86,4.86,3613251
20-Aug-10,4.99,4.99,4.88,4.95,4133041
19-Aug-10,5.11,5.21,5.01,5.05,7479337
18-Aug-10,4.92,5.06,4.89,5.06,5001605
17-Aug-10,4.97,4.99,4.91,4.96,3371193
16-Aug-10,4.94,4.97,4.89,4.91,3053200
13-Aug-10,4.94,4.96,4.84,4.84,3685734
12-Aug-10,4.89,5.02,4.89,4.97,5495554
11-Aug-10,5.00,5.00,4.83,4.86,5493526
10-Aug-10,5.01,5.12,4.90,5.06,5183816
9-Aug-10,5.08,5.12,5.00,5.12,4450682
6-Aug-10,5.11,5.22,5.06,5.12,5750200
5-Aug-10,5.15,5.18,5.07,5.10,3813774
4-Aug-10,5.12,5.18,5.07,5.18,9681826
3-Aug-10,4.97,5.12,4.97,5.03,5456010
2-Aug-10,5.02,5.10,4.91,4.99,5446852
30-Jul-10,4.85,4.96,4.81,4.94,4282706
29-Jul-10,4.90,4.97,4.83,4.85,5297764
28-Jul-10,4.67,4.95,4.63,4.85,7933837
27-Jul-10,4.92,4.92,4.69,4.72,7467811
26-Jul-10,4.97,4.99,4.88,4.93,4683593
23-Jul-10,4.94,4.98,4.82,4.95,7218810
22-Jul-10,4.77,4.92,4.77,4.84,5588526
21-Jul-10,4.88,4.95,4.66,4.70,5002215
20-Jul-10,4.60,4.84,4.59,4.82,5352220
19-Jul-10,4.63,4.70,4.52,4.64,5478695
16-Jul-10,4.80,4.83,4.52,4.70,5786895
15-Jul-10,4.98,4.99,4.82,4.91,4551832
14-Jul-10,4.94,5.05,4.88,4.92,4531814
13-Jul-10,5.10,5.10,4.96,4.97,5029417
12-Jul-10,5.04,5.09,4.91,4.95,4462025
9-Jul-10,5.00,5.11,4.97,5.07,5159792
8-Jul-10,5.02,5.03,4.80,4.93,6077666
7-Jul-10,4.83,5.00,4.80,4.98,6441630
6-Jul-10,4.95,5.01,4.77,4.82,6420945
2-Jul-10,5.03,5.10,4.88,4.92,6139796
1-Jul-10,5.18,5.33,4.88,5.01,14808429
30-Jun-10,5.38,5.54,5.21,5.22,7727432
29-Jun-10,5.52,5.55,5.35,5.38,7726013
28-Jun-10,5.75,5.87,5.61,5.62,6159753
25-Jun-10,5.61,5.80,5.57,5.78,8588411
24-Jun-10,5.53,5.70,5.47,5.49,6989070
23-Jun-10,5.52,5.62,5.40,5.61,7041370
22-Jun-10,5.66,5.74,5.52,5.52,5075133
21-Jun-10,5.96,5.99,5.59,5.63,8481586
18-Jun-10,5.69,5.96,5.68,5.89,13085560
17-Jun-10,5.57,5.62,5.48,5.56,7421951
16-Jun-10,5.43,5.51,5.38,5.44,7116820
15-Jun-10,5.32,5.45,5.28,5.45,6429293
14-Jun-10,5.38,5.41,5.23,5.25,5174994
11-Jun-10,5.30,5.32,5.20,5.31,5396413
10-Jun-10,5.23,5.32,5.18,5.27,7002318
9-Jun-10,5.32,5.40,5.16,5.22,9187960
8-Jun-10,5.17,5.39,5.16,5.31,12312680
7-Jun-10,5.05,5.25,4.96,5.10,9721938
4-Jun-10,5.13,5.25,5.00,5.02,12743447
3-Jun-10,5.43,5.46,5.18,5.31,9077110
2-Jun-10,5.20,5.44,5.19,5.43,9469599
1-Jun-10,5.46,5.55,5.24,5.24,8054805
28-May-10,5.49,5.51,5.35,5.38,6917535
27-May-10,5.37,5.50,5.37,5.50,7401298
26-May-10,5.49,5.54,5.24,5.27,13426781
25-May-10,5.01,5.32,4.91,5.31,11759444
24-May-10,5.38,5.46,5.16,5.16,9180681
21-May-10,4.94,5.33,4.86,5.25,15149509
20-May-10,5.37,5.47,5.10,5.11,18580253
19-May-10,5.78,5.86,5.38,5.57,17830378
18-May-10,5.90,6.02,5.82,5.90,8804969
17-May-10,6.14,6.20,5.88,5.95,11366558
14-May-10,6.41,6.43,5.93,6.19,15415570
13-May-10,6.34,6.47,6.20,6.26,11340018
12-May-10,6.36,6.47,6.27,6.33,17210028
11-May-10,5.96,6.26,5.94,6.19,21057051
10-May-10,5.75,5.85,5.58,5.83,11775325
7-May-10,5.66,5.76,5.43,5.56,16287622
6-May-10,5.54,5.74,5.32,5.64,18976366
5-May-10,5.41,5.70,5.34,5.54,14984087
4-May-10,5.85,5.88,5.55,5.61,15187770
3-May-10,6.06,6.10,5.83,5.92,9622148
30-Apr-10,6.07,6.13,5.95,5.97,12811970
29-Apr-10,6.02,6.10,5.90,5.98,14093646
28-Apr-10,5.89,6.12,5.81,6.06,15509876
27-Apr-10,5.82,5.96,5.75,5.85,13820242
26-Apr-10,5.92,6.00,5.86,5.89,7844797
23-Apr-10,5.77,5.92,5.71,5.91,9526863
22-Apr-10,5.66,5.84,5.55,5.83,8151688
21-Apr-10,5.71,5.76,5.52,5.73,8854991
20-Apr-10,5.63,5.75,5.63,5.68,13527447
19-Apr-10,5.57,5.61,5.44,5.56,9128753
16-Apr-10,5.77,5.81,5.55,5.64,13876673
15-Apr-10,5.83,5.92,5.81,5.84,7008207
14-Apr-10,5.85,5.90,5.77,5.85,9406929
13-Apr-10,5.92,5.92,5.66,5.80,12893139
12-Apr-10,6.11,6.18,5.91,5.95,10007239
9-Apr-10,6.11,6.20,6.07,6.12,9505619
8-Apr-10,5.99,6.08,5.87,6.02,8025741
7-Apr-10,5.93,6.15,5.92,6.03,14246544
6-Apr-10,5.84,5.92,5.80,5.90,6854670
5-Apr-10,5.81,5.92,5.75,5.90,8272032
1-Apr-10,5.60,5.74,5.58,5.74,9755365
31-Mar-10,5.49,5.57,5.45,5.47,8456298
30-Mar-10,5.49,5.52,5.35,5.42,7438154
29-Mar-10,5.45,5.51,5.39,5.42,9517768
26-Mar-10,5.33,5.37,5.20,5.33,8488626
25-Mar-10,5.42,5.48,5.17,5.18,10481169
24-Mar-10,5.49,5.51,5.32,5.33,10877397
23-Mar-10,5.40,5.69,5.32,5.62,11260750
22-Mar-10,5.30,5.48,5.22,5.42,10196163
19-Mar-10,5.69,5.73,5.44,5.49,16374174
18-Mar-10,5.90,5.96,5.66,5.70,10131324
17-Mar-10,5.77,5.95,5.75,5.86,10969708
16-Mar-10,5.63,5.76,5.60,5.76,10409242
15-Mar-10,5.51,5.52,5.38,5.49,6198809
12-Mar-10,5.59,5.63,5.45,5.50,6726414
11-Mar-10,5.43,5.59,5.30,5.56,8424726
10-Mar-10,5.65,5.70,5.42,5.50,9598781
9-Mar-10,5.49,5.68,5.46,5.56,7814381
8-Mar-10,5.65,5.75,5.57,5.63,6750841
5-Mar-10,5.54,5.69,5.54,5.65,7786574
4-Mar-10,5.50,5.56,5.34,5.48,7607875
3-Mar-10,5.63,5.73,5.55,5.56,11076935
2-Mar-10,5.40,5.63,5.35,5.52,12175773
1-Mar-10,5.24,5.34,5.12,5.33,9106468
26-Feb-10,5.20,5.25,5.10,5.20,9024784
25-Feb-10,4.88,5.20,4.80,5.18,12197443
24-Feb-10,5.00,5.09,4.95,4.99,10266000
23-Feb-10,5.25,5.30,4.92,5.02,15032224
22-Feb-10,5.32,5.41,5.24,5.30,9648058
19-Feb-10,5.24,5.41,5.15,5.27,9962510
18-Feb-10,5.39,5.50,5.26,5.30,12594701
17-Feb-10,5.66,5.71,5.31,5.40,15936291
16-Feb-10,5.34,5.52,5.30,5.51,17378210
12-Feb-10,5.00,5.16,4.90,5.12,12657696
11-Feb-10,4.89,5.19,4.82,5.18,13853011
10-Feb-10,4.90,4.96,4.71,4.84,12195938
9-Feb-10,4.78,4.94,4.69,4.89,16081406
8-Feb-10,4.86,4.93,4.54,4.57,15318130
5-Feb-10,4.46,4.84,4.27,4.84,23377004
4-Feb-10,4.97,4.99,4.51,4.52,21475795
3-Feb-10,5.14,5.31,5.08,5.11,12492584
2-Feb-10,5.25,5.30,5.06,5.09,14687613
1-Feb-10,4.63,5.14,4.61,5.13,19280075
29-Jan-10,4.85,4.93,4.54,4.56,15824880
28-Jan-10,5.05,5.14,4.75,4.90,13574764
27-Jan-10,5.09,5.17,4.83,4.97,13973046
26-Jan-10,4.99,5.29,4.92,5.04,12577721
25-Jan-10,5.33,5.35,5.14,5.16,11516035
22-Jan-10,5.25,5.54,5.12,5.21,19912300
21-Jan-10,5.75,5.85,5.32,5.33,21333126
20-Jan-10,6.08,6.12,5.75,5.85,17353412
19-Jan-10,6.19,6.35,6.15,6.24,7943876
15-Jan-10,6.20,6.28,6.06,6.16,11227092
14-Jan-10,6.40,6.41,6.18,6.25,8836845
13-Jan-10,6.28,6.32,6.08,6.29,9660377
12-Jan-10,6.44,6.53,6.07,6.17,16901731
11-Jan-10,6.90,6.99,6.59,6.63,12058216
8-Jan-10,6.80,6.80,6.55,6.69,9796286
7-Jan-10,6.85,6.88,6.65,6.67,10591921
6-Jan-10,6.68,6.93,6.66,6.85,12415626
5-Jan-10,6.58,6.65,6.44,6.52,9651702
4-Jan-10,6.42,6.49,6.38,6.47,8426285
31-Dec-09,6.38,6.41,6.16,6.18,5889223
30-Dec-09,6.18,6.33,6.12,6.24,7126914
29-Dec-09,6.38,6.43,6.26,6.29,5067680
28-Dec-09,6.62,6.66,6.33,6.38,9084925
24-Dec-09,6.53,6.59,6.46,6.49,3987735
23-Dec-09,6.28,6.48,6.26,6.39,9920055
22-Dec-09,6.27,6.32,5.96,6.21,13072075
21-Dec-09,6.46,6.50,6.21,6.24,9510911
18-Dec-09,6.29,6.48,6.17,6.32,24048409
17-Dec-09,6.58,6.60,6.21,6.21,15604502
16-Dec-09,6.70,6.84,6.65,6.72,11313361
15-Dec-09,6.56,6.74,6.45,6.54,9567452
14-Dec-09,6.63,6.67,6.45,6.64,9563478
11-Dec-09,6.67,6.75,6.40,6.51,13088974
10-Dec-09,6.63,6.74,6.50,6.63,13804668
9-Dec-09,6.29,6.60,6.23,6.56,19282255
8-Dec-09,6.57,6.57,6.11,6.17,25931009
7-Dec-09,6.51,6.85,6.31,6.67,23037223
4-Dec-09,6.90,7.00,6.50,6.83,30066585
3-Dec-09,7.28,7.39,7.02,7.07,18394565
2-Dec-09,7.23,7.47,7.18,7.34,26435385
1-Dec-09,6.85,7.17,6.84,7.06,24670215
30-Nov-09,6.29,6.62,6.25,6.61,17288385
27-Nov-09,6.17,6.56,6.00,6.32,12831833
25-Nov-09,6.63,6.75,6.57,6.68,12010575
24-Nov-09,6.50,6.54,6.27,6.50,11547425
23-Nov-09,6.70,6.77,6.37,6.44,18682946
20-Nov-09,6.14,6.31,6.03,6.26,13204613
19-Nov-09,6.17,6.39,5.90,6.33,18842010
18-Nov-09,6.46,6.54,6.15,6.28,23845673
17-Nov-09,5.77,6.16,5.71,6.15,19728793
16-Nov-09,5.52,5.94,5.51,5.84,20701914
13-Nov-09,5.33,5.47,5.21,5.34,12587750
12-Nov-09,5.45,5.52,5.28,5.34,13184854
11-Nov-09,5.62,5.66,5.41,5.52,14031348
10-Nov-09,5.42,5.50,5.22,5.43,12949860
9-Nov-09,5.49,5.67,5.43,5.48,17698136
6-Nov-09,5.03,5.32,5.01,5.25,18229748
5-Nov-09,4.95,5.05,4.90,5.01,11924559
4-Nov-09,4.99,5.16,4.84,4.88,25650205
3-Nov-09,4.32,4.88,4.16,4.85,29935184
2-Nov-09,4.22,4.35,3.95,4.11,18505139
30-Oct-09,4.30,4.34,3.86,4.11,18165559
29-Oct-09,4.02,4.41,4.02,4.36,14243008
28-Oct-09,4.19,4.27,3.79,3.85,19718561
27-Oct-09,4.34,4.38,4.15,4.31,11892257
26-Oct-09,4.76,4.85,4.28,4.33,17460397
23-Oct-09,4.94,4.95,4.73,4.77,11241738
22-Oct-09,4.78,4.88,4.71,4.81,8890593
21-Oct-09,4.72,5.05,4.69,4.77,16012117
20-Oct-09,4.92,4.93,4.68,4.74,9235248
19-Oct-09,4.83,4.96,4.73,4.90,6833459
16-Oct-09,4.75,4.84,4.66,4.80,7840191
15-Oct-09,4.79,4.86,4.73,4.77,9166133
14-Oct-09,4.94,4.98,4.83,4.91,12635510
13-Oct-09,4.80,4.89,4.66,4.82,12491344
12-Oct-09,4.84,4.90,4.66,4.71,13268258
9-Oct-09,4.95,4.95,4.58,4.76,15171249
8-Oct-09,5.02,5.10,4.90,5.02,19587089
7-Oct-09,4.86,4.90,4.73,4.90,14479168
6-Oct-09,4.65,4.97,4.64,4.83,19943586
5-Oct-09,4.12,4.38,4.08,4.35,9516670
2-Oct-09,4.00,4.29,3.95,4.06,9095011
1-Oct-09,4.43,4.43,4.05,4.13,11132631
30-Sep-09,4.40,4.47,4.23,4.39,10601019
29-Sep-09,4.20,4.35,4.15,4.28,8783078
28-Sep-09,4.11,4.32,4.11,4.18,9816353
25-Sep-09,4.09,4.19,3.97,4.09,9477499
24-Sep-09,4.37,4.44,4.10,4.17,12671857
23-Sep-09,4.56,4.61,4.34,4.34,11034045
22-Sep-09,4.60,4.64,4.48,4.53,10566881
21-Sep-09,4.20,4.36,4.03,4.32,14601539
18-Sep-09,4.52,4.59,4.27,4.32,18961491
17-Sep-09,4.99,5.00,4.26,4.52,24901244
16-Sep-09,4.91,5.04,4.81,4.98,17568989
15-Sep-09,4.44,4.74,4.37,4.62,13377666
14-Sep-09,4.37,4.56,4.30,4.44,15573728
11-Sep-09,4.44,4.69,4.19,4.39,19265235
10-Sep-09,3.78,4.21,3.70,4.20,19642558
9-Sep-09,3.85,3.95,3.62,3.76,15658264
8-Sep-09,3.65,3.96,3.63,3.74,25834095
4-Sep-09,3.36,3.47,3.29,3.45,13542204
3-Sep-09,3.23,3.40,3.14,3.36,17417116
2-Sep-09,2.95,3.16,2.88,3.13,13822602
1-Sep-09,2.95,3.03,2.85,2.89,8849480
31-Aug-09,3.02,3.15,2.91,2.98,10326195
28-Aug-09,3.15,3.15,2.97,3.05,12792320
27-Aug-09,3.02,3.10,2.88,3.06,16810582
26-Aug-09,3.04,3.06,2.96,3.05,4339514
25-Aug-09,3.06,3.10,3.00,3.03,4941501
24-Aug-09,3.11,3.15,2.98,2.98,5411986
21-Aug-09,3.02,3.12,3.02,3.07,5919578
20-Aug-09,2.98,3.03,2.95,2.96,3436864
19-Aug-09,2.90,2.99,2.82,2.93,5425239
18-Aug-09,2.90,2.95,2.86,2.93,4166820
17-Aug-09,2.92,2.98,2.80,2.82,10279244
14-Aug-09,3.33,3.34,3.15,3.20,6597572
13-Aug-09,3.12,3.35,3.11,3.34,9041796
12-Aug-09,2.97,3.11,2.94,3.02,5836862
11-Aug-09,3.13,3.15,2.96,2.96,6424025
10-Aug-09,3.21,3.25,3.11,3.12,6396978
7-Aug-09,3.34,3.39,3.23,3.31,7003694
6-Aug-09,3.49,3.50,3.26,3.32,7853639
5-Aug-09,3.34,3.45,3.21,3.44,7153175
4-Aug-09,3.23,3.45,3.20,3.38,7543854
3-Aug-09,3.28,3.31,3.20,3.26,8016582
31-Jul-09,2.94,3.15,2.93,3.15,8516402
30-Jul-09,2.92,2.99,2.86,2.93,5916636
29-Jul-09,2.97,3.00,2.76,2.81,8719357
28-Jul-09,3.12,3.12,2.86,2.99,7474543
27-Jul-09,3.18,3.24,3.11,3.16,5446871
24-Jul-09,3.11,3.19,3.07,3.13,4794960
23-Jul-09,3.06,3.19,3.04,3.13,8216870
22-Jul-09,2.97,3.13,2.92,3.04,6578464
21-Jul-09,3.20,3.20,2.99,3.09,6927385
20-Jul-09,3.08,3.19,3.03,3.18,8474835
17-Jul-09,2.93,3.00,2.85,2.95,5897155
16-Jul-09,2.86,2.96,2.78,2.94,5203750
15-Jul-09,2.79,2.92,2.79,2.90,7279140
14-Jul-09,2.68,2.70,2.56,2.69,6163259
13-Jul-09,2.43,2.59,2.32,2.58,6829117
10-Jul-09,2.33,2.45,2.29,2.43,4465245
9-Jul-09,2.36,2.55,2.30,2.40,8024146
8-Jul-09,2.47,2.50,2.26,2.30,11186132
7-Jul-09,2.55,2.61,2.45,2.49,6247106
6-Jul-09,2.58,2.60,2.42,2.54,7865731
2-Jul-09,2.78,2.79,2.65,2.65,5835479
1-Jul-09,2.71,2.91,2.71,2.83,6294831
30-Jun-09,2.81,2.86,2.64,2.68,6388624
29-Jun-09,2.89,2.90,2.75,2.79,5615926
26-Jun-09,2.99,3.02,2.82,2.89,8184084
25-Jun-09,2.79,2.97,2.75,2.96,6800832
24-Jun-09,2.73,2.80,2.61,2.73,8346280
23-Jun-09,2.44,2.58,2.36,2.53,8742869
22-Jun-09,2.64,2.64,2.36,2.40,11992225
19-Jun-09,2.60,2.67,2.53,2.66,26520654
18-Jun-09,2.64,2.65,2.52,2.53,8399673
17-Jun-09,2.70,2.72,2.53,2.63,12156480
16-Jun-09,2.94,3.02,2.69,2.69,8722246
15-Jun-09,3.01,3.03,2.85,2.87,6433208
12-Jun-09,3.13,3.18,3.02,3.10,5929901
11-Jun-09,3.10,3.31,3.01,3.20,7704777
10-Jun-09,3.14,3.18,3.03,3.09,6030359
9-Jun-09,3.08,3.09,2.98,3.02,6476323
8-Jun-09,3.06,3.06,2.88,2.96,8617666
5-Jun-09,3.25,3.30,3.10,3.12,8820543
4-Jun-09,3.12,3.33,3.07,3.33,11057471
3-Jun-09,3.43,3.46,3.06,3.11,13774934
2-Jun-09,3.82,3.89,3.26,3.48,18954999
1-Jun-09,3.78,3.87,3.62,3.70,8429701
29-May-09,3.62,3.76,3.60,3.71,9465469
28-May-09,3.35,3.55,3.29,3.46,7144135
27-May-09,3.28,3.34,3.20,3.23,4045972
26-May-09,3.26,3.35,3.19,3.25,6648680
22-May-09,3.34,3.54,3.30,3.36,7245188
21-May-09,3.18,3.31,3.01,3.27,6706248
20-May-09,3.24,3.35,3.14,3.17,6606135
19-May-09,3.06,3.21,2.95,3.14,5413520
18-May-09,3.03,3.06,2.82,2.97,4306232
15-May-09,3.07,3.24,2.93,2.98,5384247
14-May-09,2.91,3.14,2.77,3.11,5901119
13-May-09,3.30,3.37,2.96,2.98,8296471
12-May-09,3.20,3.43,3.17,3.33,8246608
11-May-09,3.11,3.20,3.03,3.15,5239301
8-May-09,3.07,3.22,3.05,3.21,5798229
7-May-09,3.22,3.28,2.99,3.05,8207427
6-May-09,2.95,3.10,2.95,3.09,7310260
5-May-09,2.87,2.91,2.78,2.89,7373630
4-May-09,2.73,2.81,2.69,2.76,5832572
1-May-09,2.43,2.68,2.43,2.62,4559369
30-Apr-09,2.58,2.58,2.44,2.47,7302393
29-Apr-09,2.65,2.75,2.58,2.60,6044212
28-Apr-09,2.45,2.59,2.36,2.56,6527840
27-Apr-09,2.34,2.61,2.30,2.60,11551016
24-Apr-09,2.15,2.35,2.15,2.23,7141704
23-Apr-09,2.02,2.19,2.02,2.10,4271165
22-Apr-09,2.09,2.15,2.01,2.01,4063818
21-Apr-09,2.14,2.20,2.03,2.08,3571194
20-Apr-09,2.19,2.19,2.07,2.07,5249493
17-Apr-09,2.20,2.23,2.06,2.09,5567388
16-Apr-09,2.42,2.42,2.19,2.25,6126295
15-Apr-09,2.43,2.44,2.32,2.38,5123580
14-Apr-09,2.31,2.49,2.30,2.32,7351745
13-Apr-09,2.18,2.36,2.16,2.34,6981029
9-Apr-09,2.01,2.15,2.01,2.11,3572243
8-Apr-09,2.14,2.14,2.01,2.05,3505888
7-Apr-09,2.00,2.14,2.00,2.03,6510208
6-Apr-09,2.06,2.06,1.85,2.03,5463417
3-Apr-09,2.19,2.19,2.01,2.06,5597825
2-Apr-09,2.13,2.21,2.05,2.20,7016373
1-Apr-09,2.01,2.19,2.00,2.18,6724595
31-Mar-09,1.93,2.09,1.91,2.00,12205199
30-Mar-09,2.04,2.12,1.88,1.88,8280195
27-Mar-09,2.15,2.18,2.07,2.13,4220827
26-Mar-09,2.11,2.28,2.09,2.22,8989345
25-Mar-09,1.93,2.14,1.90,2.06,6318572
24-Mar-09,2.06,2.07,1.88,1.99,5930237
23-Mar-09,2.15,2.20,2.02,2.15,9588271
20-Mar-09,2.00,2.19,1.90,2.19,14486610
19-Mar-09,1.76,2.12,1.76,2.04,13253129
18-Mar-09,1.46,1.72,1.40,1.69,5069953
17-Mar-09,1.46,1.49,1.40,1.46,2069817
16-Mar-09,1.50,1.53,1.44,1.46,2320101
13-Mar-09,1.50,1.55,1.45,1.50,2772973
12-Mar-09,1.37,1.47,1.32,1.45,4029271
11-Mar-09,1.25,1.45,1.20,1.33,7267667
10-Mar-09,1.34,1.34,1.17,1.23,4682442
9-Mar-09,1.31,1.35,1.24,1.28,3719541
6-Mar-09,1.31,1.35,1.24,1.27,3897571
5-Mar-09,1.29,1.34,1.22,1.24,3757231
4-Mar-09,1.33,1.34,1.25,1.27,3624638
3-Mar-09,1.31,1.35,1.20,1.24,5322540
2-Mar-09,1.54,1.56,1.24,1.26,6351678
27-Feb-09,1.43,1.57,1.40,1.52,5647696
26-Feb-09,1.47,1.51,1.40,1.42,4402094
25-Feb-09,1.59,1.62,1.46,1.46,4243953
24-Feb-09,1.69,1.70,1.54,1.59,6574821
23-Feb-09,1.72,1.74,1.66,1.70,4515405
20-Feb-09,1.76,1.77,1.70,1.73,4898752
19-Feb-09,1.78,1.80,1.68,1.68,3088772
18-Feb-09,1.82,1.82,1.67,1.77,3352752
17-Feb-09,1.83,1.84,1.72,1.77,5367372
13-Feb-09,1.80,1.85,1.68,1.75,6825826
12-Feb-09,1.89,1.89,1.78,1.83,4486780
11-Feb-09,1.76,1.87,1.74,1.87,7815515
10-Feb-09,1.80,1.82,1.73,1.74,7330667
9-Feb-09,1.82,1.83,1.76,1.77,4706863
6-Feb-09,1.90,1.95,1.73,1.77,22953533
5-Feb-09,1.86,1.88,1.65,1.83,20988940
4-Feb-09,2.40,2.40,1.99,2.17,12539245
3-Feb-09,2.54,2.54,2.38,2.43,2839224
2-Feb-09,2.62,2.65,2.39,2.51,3565261
30-Jan-09,2.76,2.80,2.49,2.65,5407332
29-Jan-09,2.52,2.70,2.41,2.67,4612868
28-Jan-09,2.50,2.57,2.36,2.57,5587761
27-Jan-09,2.52,2.56,2.41,2.48,2528233
26-Jan-09,2.60,2.77,2.50,2.54,5360073
23-Jan-09,2.36,2.64,2.35,2.53,5427640
22-Jan-09,2.23,2.36,2.20,2.28,3557594
21-Jan-09,2.31,2.38,2.10,2.35,3361655
20-Jan-09,2.38,2.45,2.20,2.20,4621729
16-Jan-09,2.27,2.30,2.15,2.28,4739924
15-Jan-09,2.12,2.18,1.89,2.07,6896088
14-Jan-09,2.26,2.30,2.07,2.12,3643080
13-Jan-09,2.26,2.37,2.13,2.32,4300633
12-Jan-09,2.55,2.55,2.23,2.28,3884301
9-Jan-09,2.60,2.70,2.51,2.55,2842422
8-Jan-09,2.70,2.70,2.56,2.64,3393870
7-Jan-09,2.80,2.89,2.50,2.58,4516029
6-Jan-09,2.78,2.95,2.71,2.88,4285928
5-Jan-09,2.63,2.82,2.50,2.76,4174028
2-Jan-09,2.79,2.90,2.75,2.77,2977058
31-Dec-08,2.69,2.86,2.61,2.80,4501616
30-Dec-08,2.73,2.75,2.61,2.70,3896722
29-Dec-08,2.65,2.78,2.55,2.71,6102995
26-Dec-08,2.34,2.49,2.23,2.48,2625906
24-Dec-08,2.29,2.36,2.20,2.33,1413305
23-Dec-08,2.25,2.36,2.19,2.33,3726093
22-Dec-08,2.32,2.43,2.16,2.25,4497712
19-Dec-08,2.09,2.38,2.09,2.38,15791636
18-Dec-08,2.30,2.34,2.09,2.25,8598066
17-Dec-08,1.97,2.31,1.96,2.23,11711995
16-Dec-08,1.84,1.98,1.77,1.96,8531250
15-Dec-08,1.86,1.90,1.75,1.81,6888484
12-Dec-08,1.83,1.94,1.71,1.77,10727642
11-Dec-08,2.10,2.10,1.55,1.64,16867688
10-Dec-08,2.12,2.38,2.12,2.33,4045109
9-Dec-08,2.02,2.19,1.97,2.03,2630466
8-Dec-08,1.98,2.22,1.93,2.09,4674091
5-Dec-08,1.85,1.93,1.63,1.93,3119472
4-Dec-08,1.94,2.10,1.81,1.85,2554963
3-Dec-08,1.82,2.02,1.71,1.94,2762723
2-Dec-08,2.01,2.01,1.80,1.94,2891340
1-Dec-08,1.98,2.01,1.76,1.78,3766660
28-Nov-08,2.35,2.35,2.11,2.32,1810699
26-Nov-08,1.84,2.35,1.81,2.29,6538193
25-Nov-08,1.93,2.02,1.61,1.95,4396844
24-Nov-08,1.81,2.05,1.69,1.94,9108652
21-Nov-08,1.26,1.48,1.20,1.48,5365158
20-Nov-08,1.11,1.30,1.08,1.10,4042401
19-Nov-08,1.32,1.48,1.10,1.11,4143559
18-Nov-08,1.32,1.40,1.20,1.25,2675719
17-Nov-08,1.27,1.47,1.19,1.36,3250705
14-Nov-08,1.41,1.54,1.30,1.33,5092428
13-Nov-08,1.14,1.35,0.99,1.32,8086338
12-Nov-08,1.35,1.37,1.00,1.05,8931682
11-Nov-08,1.62,1.62,1.25,1.32,7292971
10-Nov-08,1.92,1.96,1.58,1.62,6160833
7-Nov-08,2.07,2.17,1.63,1.68,8953391
6-Nov-08,2.69,2.70,2.03,2.05,6072054
5-Nov-08,2.64,2.91,2.54,2.56,3311861
4-Nov-08,2.52,2.78,2.46,2.72,5679414
3-Nov-08,2.58,2.62,2.39,2.39,3443799
31-Oct-08,2.55,2.67,2.40,2.49,4209337
30-Oct-08,2.80,2.90,2.40,2.63,3396534
29-Oct-08,2.60,2.82,2.39,2.67,6279383
28-Oct-08,2.35,2.49,2.13,2.38,3922369
27-Oct-08,2.61,2.70,2.22,2.25,2504902
24-Oct-08,2.19,2.90,2.19,2.63,3238607
23-Oct-08,2.62,2.89,2.36,2.46,3449255
22-Oct-08,3.12,3.32,2.60,2.60,3334686
21-Oct-08,3.47,3.56,3.18,3.23,2487888
20-Oct-08,3.14,3.56,2.93,3.56,2885528
17-Oct-08,2.77,3.20,2.73,2.92,2703384
16-Oct-08,3.22,3.38,2.68,3.07,4922104
15-Oct-08,3.60,3.76,3.14,3.22,3506049
14-Oct-08,3.88,4.06,3.54,3.71,2621836
13-Oct-08,3.79,3.98,3.34,3.78,3251877
10-Oct-08,3.52,4.14,2.99,3.44,5391644
9-Oct-08,4.00,4.20,3.57,3.65,3070333
8-Oct-08,3.51,4.12,3.31,3.95,4872263
7-Oct-08,3.65,3.90,3.27,3.31,3827385
6-Oct-08,3.86,3.95,3.06,3.52,5954886
3-Oct-08,3.95,4.25,3.70,3.75,3932845
2-Oct-08,4.53,4.79,3.91,3.91,4098682
1-Oct-08,4.67,4.93,4.62,4.75,1965214
30-Sep-08,4.90,4.99,4.60,4.68,2540123
29-Sep-08,5.26,5.41,4.80,4.86,2854788
26-Sep-08,5.54,5.85,5.28,5.30,2425561
25-Sep-08,5.58,5.70,5.40,5.54,2358773
24-Sep-08,5.94,6.04,5.51,5.53,2940526
23-Sep-08,6.13,6.16,5.76,5.86,4360331
22-Sep-08,5.83,6.34,5.70,6.10,5386944
19-Sep-08,5.46,5.77,5.28,5.56,6764650
18-Sep-08,5.19,5.50,5.00,5.35,9125670
17-Sep-08,4.55,5.04,4.37,4.98,8532462
16-Sep-08,4.36,4.58,4.00,4.53,4315757
15-Sep-08,4.76,4.93,4.37,4.38,3648659
12-Sep-08,4.55,4.90,4.50,4.78,5275921
11-Sep-08,4.54,4.60,4.20,4.44,5613279
10-Sep-08,4.49,4.75,4.20,4.30,11001616
9-Sep-08,5.00,5.01,4.43,4.46,17465309
8-Sep-08,6.35,6.35,5.24,5.30,4494311
5-Sep-08,5.85,6.19,5.65,6.18,4973902
4-Sep-08,6.41,6.56,5.75,5.78,4334649
3-Sep-08,6.40,6.78,6.15,6.51,4387414
2-Sep-08,6.80,6.99,6.69,6.88,2372321
29-Aug-08,7.13,7.17,6.91,7.02,1281651
28-Aug-08,7.23,7.24,6.83,7.20,2587822
27-Aug-08,7.15,7.33,6.96,6.99,1743216
26-Aug-08,6.99,7.21,6.86,7.09,1673901
25-Aug-08,7.14,7.35,6.85,7.00,1299396
22-Aug-08,7.31,7.35,6.99,7.14,1397828
21-Aug-08,7.22,7.38,7.10,7.31,1994689
20-Aug-08,7.34,7.38,6.80,6.87,3211021
19-Aug-08,6.93,7.25,6.86,7.11,1831182
18-Aug-08,7.14,7.39,7.00,7.04,2229149
15-Aug-08,6.52,6.97,6.52,6.88,2948382
14-Aug-08,7.04,7.18,6.75,6.79,2555898
13-Aug-08,6.71,7.28,6.71,7.10,3142846
12-Aug-08,6.78,7.31,6.52,6.65,3913923
11-Aug-08,6.60,6.88,6.52,6.59,4855646
8-Aug-08,6.81,6.94,6.50,6.60,3172673
7-Aug-08,7.72,7.80,7.00,7.03,3416915
6-Aug-08,7.59,7.82,7.44,7.50,3319292
5-Aug-08,7.98,7.98,7.36,7.47,4994158
4-Aug-08,8.34,8.80,7.90,8.06,3189613
1-Aug-08,9.17,9.17,8.36,8.45,2629173
31-Jul-08,9.25,9.43,9.10,9.18,2627888
30-Jul-08,8.80,9.16,8.46,9.16,1942690
29-Jul-08,8.60,9.22,8.60,8.75,2639724
28-Jul-08,8.62,8.88,8.62,8.72,1985375
25-Jul-08,8.57,8.89,8.54,8.68,2604735
24-Jul-08,8.40,8.66,8.26,8.51,2194318
23-Jul-08,8.52,8.80,8.30,8.39,1868842
22-Jul-08,9.18,9.34,8.50,8.70,2227943
21-Jul-08,8.53,9.20,8.41,9.18,2045155
18-Jul-08,8.17,8.77,8.17,8.31,3400108
17-Jul-08,8.63,9.02,8.28,8.36,2969118
16-Jul-08,9.02,9.35,8.30,8.71,2978600
15-Jul-08,9.86,10.00,8.88,8.99,2820872
14-Jul-08,9.51,9.70,9.23,9.64,2397866
11-Jul-08,9.26,9.60,8.92,9.45,3863176
10-Jul-08,8.50,9.18,8.49,8.86,3354907
9-Jul-08,8.32,8.88,8.32,8.45,2729926
8-Jul-08,8.30,8.61,7.90,8.37,2907096
7-Jul-08,8.54,8.55,8.00,8.36,3074462
3-Jul-08,8.52,8.66,8.16,8.26,2468720
2-Jul-08,9.45,9.45,8.51,8.53,4406104
1-Jul-08,9.45,9.94,9.30,9.43,5123867
30-Jun-08,9.87,9.98,9.21,9.26,3964409
27-Jun-08,8.90,9.74,8.90,9.72,8888626
26-Jun-08,8.25,8.85,8.18,8.78,5246463
25-Jun-08,7.52,8.11,7.40,8.07,4490263
24-Jun-08,8.37,8.38,7.46,7.52,4860375
23-Jun-08,8.24,8.41,8.11,8.25,2526186
20-Jun-08,8.40,8.59,8.21,8.51,5780751
19-Jun-08,8.79,8.82,8.33,8.35,3033858
18-Jun-08,8.35,8.61,8.27,8.60,2182247
17-Jun-08,8.26,8.44,8.21,8.28,1363194
16-Jun-08,8.20,8.56,8.20,8.22,1883222
13-Jun-08,8.12,8.20,8.01,8.20,1317282
12-Jun-08,8.27,8.27,7.99,8.05,2953041
11-Jun-08,8.32,8.49,8.24,8.27,2947917
10-Jun-08,8.72,8.75,8.23,8.25,2844774
9-Jun-08,8.98,9.08,8.68,8.81,2290648
6-Jun-08,8.97,9.15,8.93,8.96,3375128
5-Jun-08,8.59,8.87,8.50,8.84,2081287
4-Jun-08,8.65,8.74,8.47,8.55,2635995
3-Jun-08,9.13,9.13,8.65,8.72,3530018
2-Jun-08,9.01,9.25,8.98,9.10,3336313
30-May-08,9.27,9.30,9.00,9.02,2944946
29-May-08,9.43,9.43,8.96,9.00,4030783
28-May-08,9.18,9.67,9.10,9.65,3070208
27-May-08,9.43,9.43,9.16,9.19,2618941
23-May-08,9.91,10.00,9.51,9.53,2807022
22-May-08,10.18,10.20,9.70,9.78,2490538
21-May-08,10.35,10.63,10.09,10.16,3011729
20-May-08,10.17,10.38,10.05,10.28,2855983
19-May-08,10.49,10.54,10.14,10.20,3533109
16-May-08,10.10,10.37,10.00,10.16,3366343
15-May-08,9.65,10.06,9.65,9.91,3913080
14-May-08,9.33,9.51,9.16,9.41,3980045
13-May-08,10.20,10.20,9.31,9.32,6143185
12-May-08,10.25,10.52,9.90,10.37,2963403
9-May-08,10.60,10.60,10.26,10.52,2051777
8-May-08,10.58,10.69,10.45,10.50,2621606
7-May-08,10.50,10.59,10.17,10.41,2254715
6-May-08,10.86,10.86,10.41,10.48,2262999
5-May-08,10.49,10.85,10.47,10.68,2326676
2-May-08,10.22,10.47,10.12,10.29,2145270
1-May-08,9.89,10.35,9.76,10.12,3539490
30-Apr-08,10.00,10.36,10.00,10.26,3401124
29-Apr-08,10.51,10.70,9.90,9.97,4068470
28-Apr-08,11.19,11.19,10.77,10.78,2362170
25-Apr-08,11.23,11.29,10.92,11.06,2497472
24-Apr-08,11.54,11.70,11.12,11.16,2405970
23-Apr-08,12.39,12.39,11.61,11.70,2781168
22-Apr-08,12.47,12.90,12.40,12.42,2488844
21-Apr-08,12.56,12.94,12.40,12.50,2255163
18-Apr-08,12.60,12.60,12.05,12.52,3441375
17-Apr-08,13.14,13.14,12.87,13.00,2603341
16-Apr-08,12.47,13.10,12.36,13.03,3608427
15-Apr-08,11.99,12.26,11.80,12.25,2275441
14-Apr-08,11.90,12.06,11.68,11.78,1776189
11-Apr-08,12.15,12.19,11.82,11.86,2664311
10-Apr-08,12.35,12.45,11.88,12.26,2418580
9-Apr-08,11.56,12.41,11.56,12.20,3247511
8-Apr-08,11.67,11.90,11.50,11.75,1838582
7-Apr-08,11.89,12.10,11.72,11.74,2649603
4-Apr-08,11.65,11.77,11.51,11.72,2025695
3-Apr-08,11.45,11.73,11.30,11.57,2669125
2-Apr-08,10.92,11.64,10.92,11.58,2731751
1-Apr-08,10.93,10.98,10.45,10.90,3176780
31-Mar-08,11.58,11.58,10.93,11.16,3551747
28-Mar-08,11.34,11.42,11.00,11.30,2538602
27-Mar-08,11.37,11.60,11.15,11.30,4037431
26-Mar-08,11.18,11.50,11.18,11.37,1975669
25-Mar-08,10.94,11.27,10.80,11.26,2102662
24-Mar-08,10.85,11.08,10.53,10.66,2439228
20-Mar-08,10.23,10.75,10.15,10.66,9488535
19-Mar-08,11.50,11.60,10.69,10.78,6004610
18-Mar-08,12.36,12.50,11.69,11.78,4804312
17-Mar-08,12.46,12.79,12.08,12.32,5138034
14-Mar-08,11.97,12.72,11.78,12.72,8443930
13-Mar-08,11.98,12.07,11.71,11.78,4353745
12-Mar-08,11.92,12.09,11.67,11.74,3028697
11-Mar-08,11.33,11.97,11.33,11.97,3589140
10-Mar-08,10.94,11.75,10.94,11.13,4300737
7-Mar-08,12.03,12.03,11.30,11.40,3793733
6-Mar-08,12.01,12.22,11.82,11.89,3666723
5-Mar-08,11.52,12.17,11.34,12.17,4875020
4-Mar-08,11.69,11.75,11.15,11.40,4867078
3-Mar-08,11.87,11.90,11.49,11.65,5182775
29-Feb-08,11.61,11.93,11.41,11.50,5341425
28-Feb-08,11.21,11.86,11.05,11.77,5009348
27-Feb-08,11.12,11.38,10.85,11.04,3854696
26-Feb-08,10.15,11.00,10.15,10.85,5102764
25-Feb-08,9.98,10.20,9.73,10.20,5495857
22-Feb-08,10.49,10.49,9.74,9.86,3298384
21-Feb-08,10.55,10.66,10.18,10.20,4238254
20-Feb-08,9.96,10.43,9.92,10.42,4991402
19-Feb-08,10.14,10.27,9.91,10.01,7349831
15-Feb-08,9.98,10.12,9.80,9.99,2008523
14-Feb-08,10.26,10.30,9.89,9.98,5974110
13-Feb-08,9.79,10.33,9.79,10.15,4907630
12-Feb-08,9.87,10.30,9.57,9.63,6065652
11-Feb-08,9.42,9.78,9.22,9.74,2836314
8-Feb-08,8.94,9.45,8.91,9.29,2583405
7-Feb-08,8.78,9.08,8.63,8.94,2076525
6-Feb-08,8.76,9.13,8.64,8.69,2222600
5-Feb-08,8.88,8.97,8.60,8.65,1984152
4-Feb-08,9.24,9.29,9.01,9.04,2200581
1-Feb-08,9.36,9.55,9.08,9.26,2482957
31-Jan-08,9.40,9.55,9.20,9.30,2543811
30-Jan-08,9.36,9.86,9.25,9.54,2847822
29-Jan-08,9.42,9.65,9.29,9.45,2008000
28-Jan-08,9.54,9.60,9.21,9.51,2889248
25-Jan-08,9.64,9.80,9.27,9.45,3371378
24-Jan-08,8.92,9.43,8.92,9.34,3416376
23-Jan-08,8.58,8.94,8.05,8.79,4540362
22-Jan-08,8.40,9.25,8.17,8.82,4507019
18-Jan-08,9.08,9.25,8.59,9.07,3341653
17-Jan-08,9.05,9.41,8.80,8.95,4095435
16-Jan-08,9.17,9.39,8.93,8.95,6828600
15-Jan-08,10.09,10.19,9.34,9.44,5034205
14-Jan-08,10.60,10.62,10.28,10.31,3556579
11-Jan-08,9.80,10.50,9.80,10.36,4213715
10-Jan-08,9.47,9.98,9.25,9.86,3003907
9-Jan-08,9.62,9.79,9.25,9.60,4367077
8-Jan-08,9.76,10.09,9.61,9.62,3631843
7-Jan-08,9.76,9.92,9.29,9.44,2768960
4-Jan-08,9.71,9.91,9.60,9.69,2592649
3-Jan-08,9.81,10.33,9.74,9.94,5207780
2-Jan-08,9.50,9.92,9.50,9.77,4795934
31-Dec-07,9.45,9.53,9.17,9.35,2217949
28-Dec-07,9.35,9.48,9.26,9.35,2642683
27-Dec-07,9.44,9.55,9.23,9.25,2153035
26-Dec-07,9.18,9.58,9.18,9.47,3221946
24-Dec-07,9.45,9.47,9.13,9.20,1356117
21-Dec-07,8.99,9.36,8.97,9.34,4729227
20-Dec-07,8.71,8.87,8.48,8.84,2876695
19-Dec-07,8.78,8.84,8.53,8.64,2439205
18-Dec-07,9.04,9.04,8.51,8.81,4065750
17-Dec-07,9.03,9.30,8.74,8.77,5017712
14-Dec-07,9.55,9.55,9.05,9.07,6509450
13-Dec-07,9.60,9.62,9.23,9.38,10519253
12-Dec-07,11.06,11.06,9.59,9.70,11032423
11-Dec-07,11.78,12.04,11.08,11.13,2639690
10-Dec-07,12.00,12.16,11.72,11.85,2312112
7-Dec-07,12.39,12.39,11.85,11.95,2247635
6-Dec-07,11.99,12.41,11.93,12.40,2041190
5-Dec-07,11.90,12.10,11.75,11.99,1762000
4-Dec-07,11.84,11.95,11.64,11.79,1550801
3-Dec-07,11.68,11.99,11.58,11.68,2496171
30-Nov-07,12.30,12.36,11.63,11.73,3084357
29-Nov-07,12.43,12.45,12.16,12.37,2432134
28-Nov-07,11.98,12.44,11.78,12.43,2716094
27-Nov-07,11.94,12.15,11.50,11.87,3986165
26-Nov-07,12.14,12.57,11.85,11.88,4269648
23-Nov-07,11.98,12.27,11.65,12.10,2358650
21-Nov-07,12.15,12.48,11.93,12.24,3727949
20-Nov-07,11.33,12.25,11.33,12.17,4431697
19-Nov-07,11.05,11.53,11.01,11.11,3015328
16-Nov-07,10.97,11.28,10.74,11.15,3096844
15-Nov-07,11.16,11.16,10.63,10.90,2955384
14-Nov-07,11.08,11.50,11.08,11.33,2811800
13-Nov-07,10.76,11.07,10.65,10.99,2552000
12-Nov-07,10.73,10.97,10.48,10.50,3802730
9-Nov-07,11.64,11.75,11.19,11.48,3776163
8-Nov-07,11.41,11.76,11.08,11.66,5360745
7-Nov-07,11.31,11.71,10.99,11.16,6154230
6-Nov-07,10.12,11.26,10.04,11.18,7240000
5-Nov-07,9.44,9.91,9.44,9.80,2708700
2-Nov-07,9.25,9.68,9.15,9.68,2056600
1-Nov-07,9.52,9.58,9.07,9.16,2283200
31-Oct-07,9.36,9.62,9.25,9.62,2446700
30-Oct-07,9.24,9.36,9.18,9.30,1695800
29-Oct-07,9.33,9.47,9.12,9.34,2095536
26-Oct-07,9.16,9.24,9.13,9.22,1642000
25-Oct-07,8.97,9.14,8.86,8.95,2262200
24-Oct-07,8.67,8.87,8.56,8.86,1955800
23-Oct-07,8.45,8.72,8.42,8.70,1344500
22-Oct-07,8.25,8.52,8.18,8.36,2027100
19-Oct-07,8.71,8.72,8.29,8.43,1990800
18-Oct-07,8.56,8.72,8.56,8.66,1417100
17-Oct-07,8.84,8.87,8.47,8.55,1653200
16-Oct-07,8.90,8.93,8.58,8.63,1907300
15-Oct-07,9.10,9.24,8.86,8.98,2293500
12-Oct-07,8.96,9.05,8.82,8.88,1468500
11-Oct-07,8.95,9.33,8.64,8.85,3246100
10-Oct-07,8.83,9.00,8.78,8.89,1622900
9-Oct-07,8.63,8.78,8.60,8.76,1506600
8-Oct-07,8.70,8.70,8.48,8.55,1558500
5-Oct-07,8.55,8.87,8.50,8.75,1726900
4-Oct-07,8.50,8.68,8.40,8.64,1848526
3-Oct-07,8.77,8.81,8.46,8.51,1496800
2-Oct-07,8.75,8.84,8.47,8.76,2989200
1-Oct-07,8.97,9.18,8.89,9.16,2640600
28-Sep-07,8.84,9.10,8.81,8.95,2605500
27-Sep-07,8.73,8.81,8.67,8.73,1292900
26-Sep-07,8.88,8.94,8.60,8.66,1767600
25-Sep-07,8.59,8.88,8.52,8.86,1915900
24-Sep-07,9.15,9.15,8.78,8.88,2451700
21-Sep-07,9.02,9.80,8.90,9.04,3372100
20-Sep-07,8.51,9.03,8.50,9.01,3720000
19-Sep-07,8.45,8.59,8.17,8.28,2770700
18-Sep-07,7.94,8.36,7.84,8.33,2488500
17-Sep-07,7.98,8.11,7.80,7.90,3620415
14-Sep-07,7.77,7.98,7.77,7.98,1661600
13-Sep-07,7.80,7.93,7.67,7.82,1483600
12-Sep-07,7.91,7.95,7.74,7.83,1492707
11-Sep-07,7.64,7.96,7.57,7.93,1856300
10-Sep-07,8.00,8.02,7.55,7.59,1700700
7-Sep-07,7.90,8.03,7.75,7.90,3040100
6-Sep-07,7.62,7.98,7.55,7.88,3165100
5-Sep-07,7.56,7.65,7.47,7.50,2464200
4-Sep-07,7.50,7.75,7.45,7.65,1331300
31-Aug-07,7.51,7.60,7.47,7.50,1255000
30-Aug-07,7.46,7.59,7.34,7.40,1787700
29-Aug-07,7.49,7.63,7.37,7.55,1898800
28-Aug-07,7.40,7.57,7.32,7.39,3130900
27-Aug-07,7.74,7.80,7.48,7.50,1993200
24-Aug-07,7.75,7.88,7.59,7.84,2290700
23-Aug-07,7.86,7.86,7.66,7.77,2060100
22-Aug-07,7.79,7.96,7.69,7.75,1947700
21-Aug-07,7.51,7.73,7.45,7.72,1513800
20-Aug-07,7.48,7.68,7.39,7.56,2140600
17-Aug-07,7.60,7.70,7.37,7.44,3372900
16-Aug-07,7.35,7.36,6.78,7.26,6416317
15-Aug-07,7.42,7.65,7.36,7.47,4609400
14-Aug-07,7.39,7.64,7.35,7.52,3334400
13-Aug-07,7.02,7.59,7.05,7.53,4488000
10-Aug-07,6.75,7.07,6.58,7.02,4626775
9-Aug-07,7.61,7.42,6.65,6.70,6577400
8-Aug-07,7.80,7.98,7.52,7.61,3356850
7-Aug-07,7.69,7.85,7.19,7.55,2798600
6-Aug-07,7.60,7.72,7.26,7.69,2789270
3-Aug-07,7.89,8.07,7.61,7.61,2254360
2-Aug-07,7.95,7.99,7.73,7.89,1933700
1-Aug-07,7.78,8.00,7.60,7.85,2480000
31-Jul-07,7.98,8.21,7.81,7.85,2338800
30-Jul-07,7.86,8.09,7.70,7.98,2188800
27-Jul-07,8.13,8.26,7.79,7.83,2978501
26-Jul-07,8.30,8.41,7.89,8.13,3123558
25-Jul-07,8.74,8.63,8.15,8.52,2725807
24-Jul-07,9.13,9.13,8.65,8.74,2389000
23-Jul-07,9.15,9.15,8.95,9.00,1523555
20-Jul-07,9.23,9.31,9.01,9.11,2097550
19-Jul-07,9.24,9.35,9.20,9.25,1489333
18-Jul-07,8.98,9.25,8.92,9.24,1763600
17-Jul-07,9.13,9.22,8.95,8.98,1422399
16-Jul-07,9.15,9.20,8.90,9.13,1839400
13-Jul-07,9.34,9.35,9.14,9.21,1206700
12-Jul-07,9.18,9.35,9.12,9.34,1552100
11-Jul-07,9.05,9.10,8.91,9.06,1244200
10-Jul-07,9.18,9.28,8.94,8.95,1849800
9-Jul-07,8.95,9.38,8.95,9.18,3207800
6-Jul-07,8.72,8.99,8.68,8.89,1797564
5-Jul-07,8.66,8.78,8.59,8.75,1378300
3-Jul-07,8.79,8.80,8.56,8.60,843500
2-Jul-07,8.55,8.80,8.60,8.78,1793950
29-Jun-07,8.20,8.59,8.20,8.54,2759530
28-Jun-07,8.14,8.34,8.14,8.17,1637300
27-Jun-07,7.90,8.12,7.90,8.05,2262350
26-Jun-07,8.22,8.29,7.93,8.00,2800200
25-Jun-07,8.36,8.44,8.16,8.21,1886000
22-Jun-07,8.35,8.38,8.13,8.26,1350300
21-Jun-07,8.25,8.30,8.10,8.29,1517300
20-Jun-07,8.39,8.47,8.20,8.24,2311300
19-Jun-07,8.30,8.48,8.19,8.38,2009500
18-Jun-07,8.28,8.35,8.21,8.29,2332400
15-Jun-07,8.11,8.22,8.01,8.21,2762900
14-Jun-07,7.80,8.04,7.80,7.93,2428057
13-Jun-07,7.54,7.81,7.54,7.77,1757254
12-Jun-07,7.63,7.74,7.48,7.51,1884905
11-Jun-07,7.81,7.88,7.63,7.70,1003372
8-Jun-07,7.82,7.80,7.47,7.79,2556014
7-Jun-07,8.06,8.15,7.73,7.81,1956013
6-Jun-07,8.23,8.22,7.98,8.16,1855754
5-Jun-07,8.18,8.25,8.11,8.22,1458822
4-Jun-07,8.24,8.30,8.02,8.20,1753020
1-Jun-07,8.20,8.34,8.15,8.20,3139848
31-May-07,7.79,8.03,7.78,8.00,2070547
30-May-07,7.53,7.70,7.52,7.64,1883055
29-May-07,7.83,7.83,7.66,7.70,2072600
25-May-07,7.82,7.91,7.56,7.73,3545163
24-May-07,8.25,8.30,7.70,7.73,3216727
23-May-07,8.38,8.56,8.22,8.24,2367946
22-May-07,8.55,8.60,8.25,8.31,2418300
21-May-07,8.46,8.80,8.41,8.66,1682981
18-May-07,8.27,8.48,8.22,8.48,2054500
17-May-07,8.28,8.39,8.15,8.26,1684270
16-May-07,8.42,8.52,8.26,8.31,1994117
15-May-07,8.41,8.77,8.35,8.43,1911000
14-May-07,8.82,8.83,8.48,8.49,2062350
11-May-07,8.54,8.90,8.54,8.85,2180840
10-May-07,8.81,8.85,8.50,8.51,2129803
9-May-07,8.61,8.88,8.61,8.86,2453900
8-May-07,8.62,8.72,8.45,8.65,1990400
7-May-07,8.72,8.79,8.55,8.61,1782620
4-May-07,8.80,8.84,8.59,8.70,2139006
3-May-07,8.60,8.75,8.47,8.66,2572460
2-May-07,8.57,8.68,8.22,8.43,5682518
1-May-07,8.81,8.92,8.62,8.78,2887948
30-Apr-07,9.17,9.20,8.80,8.81,1800071
27-Apr-07,9.15,9.27,9.10,9.20,1301344
26-Apr-07,9.33,9.33,8.77,9.13,2268064
25-Apr-07,9.15,9.30,9.06,9.21,1659870
24-Apr-07,9.55,9.60,9.06,9.13,3414016
23-Apr-07,9.74,9.81,9.60,9.65,1932530
20-Apr-07,9.59,9.74,9.49,9.69,2363100
19-Apr-07,9.37,9.37,9.09,9.20,2544073
18-Apr-07,9.79,9.84,9.40,9.61,1497700
17-Apr-07,9.78,9.89,9.55,9.79,2573257
16-Apr-07,9.50,9.87,9.50,9.80,3507508
13-Apr-07,9.17,9.44,9.10,9.43,3280500
12-Apr-07,8.98,9.08,8.82,9.06,1731113
11-Apr-07,9.25,9.28,8.86,8.97,2710694
10-Apr-07,9.28,9.35,9.21,9.24,1668800
9-Apr-07,9.10,9.28,9.05,9.20,1952500
5-Apr-07,9.25,9.25,9.07,9.12,2884400
4-Apr-07,9.33,9.40,9.27,9.34,2226000
3-Apr-07,9.33,9.44,9.26,9.28,2234135
2-Apr-07,9.00,9.34,8.90,9.34,2348900
30-Mar-07,9.07,9.13,9.01,9.06,1440636
29-Mar-07,9.06,9.21,9.03,9.05,1948000
28-Mar-07,9.09,9.17,8.98,9.05,2559300
27-Mar-07,9.18,9.20,8.98,9.03,1575000
26-Mar-07,8.95,9.18,8.91,9.17,2529620
23-Mar-07,8.88,8.93,8.75,8.88,1370000
22-Mar-07,8.87,9.06,8.87,8.91,3153300
21-Mar-07,8.55,8.86,8.50,8.86,2152800
20-Mar-07,8.35,8.62,8.40,8.48,2220500
19-Mar-07,8.25,8.37,8.14,8.34,1682300
16-Mar-07,8.12,8.30,8.07,8.09,2262700
15-Mar-07,7.99,8.15,8.01,8.11,1823200
14-Mar-07,7.81,8.00,7.70,7.98,2539300
13-Mar-07,8.09,8.20,7.80,7.81,2161800
12-Mar-07,8.18,8.29,8.06,8.17,1852600
9-Mar-07,8.14,8.34,8.05,8.17,1898700
8-Mar-07,8.34,8.40,7.98,8.00,2629100
7-Mar-07,7.91,8.35,7.88,8.17,3222700
6-Mar-07,7.62,7.93,7.61,7.90,2310412
5-Mar-07,7.45,7.68,7.18,7.44,3534600
2-Mar-07,7.98,7.93,7.50,7.56,2947700
1-Mar-07,7.71,8.09,7.49,7.97,3848554
28-Feb-07,7.48,7.82,7.38,7.69,3882900
27-Feb-07,8.28,8.29,7.57,7.69,4358300
26-Feb-07,8.38,8.59,8.30,8.53,2198987
23-Feb-07,8.11,8.66,8.13,8.28,4012800
22-Feb-07,8.10,8.25,7.98,8.10,3179500
21-Feb-07,7.29,8.23,7.43,8.11,6585600
20-Feb-07,7.21,7.31,7.17,7.28,1109500
16-Feb-07,7.34,7.35,7.26,7.30,914800
15-Feb-07,7.29,7.37,7.23,7.33,1298300
14-Feb-07,7.27,7.34,7.22,7.30,2191667
13-Feb-07,7.19,7.33,7.23,7.26,1529634
12-Feb-07,7.16,7.27,7.11,7.18,1648694
9-Feb-07,7.47,7.54,7.24,7.25,1434700
8-Feb-07,7.25,7.45,7.21,7.45,1280400
7-Feb-07,7.32,7.39,7.20,7.29,1496900
6-Feb-07,7.28,7.34,7.26,7.30,1217500
5-Feb-07,7.13,7.25,7.11,7.24,1259600
2-Feb-07,7.24,7.24,7.00,7.11,1381300
1-Feb-07,7.20,7.30,7.16,7.28,1623400
31-Jan-07,7.00,7.16,6.98,7.13,2906000
30-Jan-07,7.01,7.04,6.95,6.96,924000
29-Jan-07,6.95,7.10,6.85,6.91,996100
26-Jan-07,6.96,7.07,6.78,7.04,1221900
25-Jan-07,7.17,7.24,6.86,6.92,1470200
24-Jan-07,6.90,7.09,6.78,7.09,1341300
23-Jan-07,6.83,7.00,6.76,6.99,1847900
22-Jan-07,6.55,6.76,6.55,6.72,1455800
19-Jan-07,6.50,6.68,6.43,6.57,1419100
18-Jan-07,6.84,6.97,6.36,6.45,2591900
17-Jan-07,6.66,6.94,6.66,6.84,1132900
16-Jan-07,6.81,6.97,6.66,6.76,1882200
12-Jan-07,6.60,6.81,6.55,6.80,2326300
11-Jan-07,7.00,7.00,6.53,6.66,4880100
10-Jan-07,7.07,7.12,6.99,7.00,3521400
9-Jan-07,7.30,7.35,7.06,7.16,2149100
8-Jan-07,7.83,7.87,7.30,7.36,1589200
5-Jan-07,7.17,7.40,7.11,7.40,2818300
4-Jan-07,7.38,7.60,7.33,7.44,1918800
3-Jan-07,7.66,7.85,7.43,7.47,2820100
29-Dec-06,7.68,7.78,7.62,7.66,1379900
28-Dec-06,7.86,7.95,7.70,7.70,2384300
27-Dec-06,7.46,7.84,7.36,7.84,3355600
26-Dec-06,7.40,7.53,7.27,7.32,978600
